Time,Header.seq,Header.stamp.secs,Header.stamp.nsecs,Header.frame_id,Latitude,Longitude,Altitude,HDOP,UTM_easting,UTM_northing,UTC,Zone,Letter,fixed_quality
1676933466.177987,0,82266,0,GNSS,42.33826604,71.08661751833333,33.141,0.62,671894.0519313037,4689443.225362745,225106.0,42,T,4
1676933467.1321454,0,82267,0,GNSS,42.338266035,71.086617505,33.143,0.62,671894.0508464952,4689443.22478058,225107.0,42,T,4
1676933468.163187,0,82268,0,GNSS,42.338266018333336,71.08661748666667,33.139,0.62,671894.049381558,4689443.222892812,225108.0,42,T,4
1676933469.1552892,0,82269,0,GNSS,42.338265985,71.08661746166666,33.136,0.62,671894.0474128185,4689443.219140859,225109.0,42,T,4
1676933470.1633594,0,82270,0,GNSS,42.33826598666667,71.08661745833334,33.138,0.62,671894.047133669,4689443.219319191,225110.0,42,T,4
1676933471.1490939,0,82271,0,GNSS,42.33826603666667,71.08661751833333,33.138,0.62,671894.0519403866,4689443.224992605,225111.0,42,T,4
1676933472.1343067,0,82272,0,GNSS,42.338266018333336,71.08661749666666,33.142,0.62,671894.0502053847,4689443.222913028,225112.0,42,T,4
1676933473.173021,0,82273,0,GNSS,42.338266015,71.08661750666667,33.138,0.62,671894.0510382964,4689443.222563101,225113.0,42,T,4
1676933474.1658642,0,82274,0,GNSS,42.33826602333333,71.08661749666666,33.144,0.62,671894.0501917604,4689443.2234682385,225114.0,42,T,4
1676933475.2993748,0,82275,0,GNSS,42.33826603666667,71.08661752,33.137,0.62,671894.0520776928,4689443.224995974,225115.0,42,T,4
1676933476.1635594,0,82276,0,GNSS,42.33826603,71.08661750333333,33.138,0.62,671894.0507228111,4689443.224221999,225116.0,42,T,4
1676933477.2961714,0,82277,0,GNSS,42.338266,71.08661751,33.142,0.62,671894.0513537775,4689443.220904204,225117.0,42,T,4
1676933478.1544855,0,82278,0,GNSS,42.33826601,71.0866175,33.142,0.62,671894.0505027,4689443.221994412,225118.0,42,T,4
1676933479.3966832,0,82279,0,GNSS,42.338266018333336,71.08661748333333,33.139,0.62,671894.0491069476,4689443.222886073,225119.0,42,T,4
1676933480.1772907,0,82280,0,GNSS,42.33826603166667,71.08661751833333,33.138,0.62,671894.051954011,4689443.224437393,225120.0,42,T,4
1676933481.1768448,0,82281,0,GNSS,42.33826602166667,71.086617485,33.141,0.62,671894.0492351709,4689443.223259583,225121.0,42,T,4
1676933482.177566,0,82282,0,GNSS,42.338266043333334,71.08661750333333,33.143,0.62,671894.0506864797,4689443.225702563,225122.0,42,T,4
1676933483.3148055,0,82283,0,GNSS,42.33826603,71.08661747,33.142,0.62,671894.0479767206,4689443.224154613,225123.0,42,T,4
1676933484.1602542,0,82284,0,GNSS,42.33826602333333,71.086617485,33.141,0.62,671894.0492306296,4689443.223444655,225124.0,42,T,4
1676933485.3148556,0,82285,0,GNSS,42.338266015,71.08661745333333,33.145,0.62,671894.0466445502,4689443.222455285,225125.0,42,T,4
1676933486.393308,0,82286,0,GNSS,42.338266026666666,71.086617485,33.14,0.62,671894.0492215466,4689443.223814795,225126.0,42,T,4
1676933487.2041738,0,82287,0,GNSS,42.338265996666664,71.08661749166667,33.14,0.62,671894.0498525109,4689443.220497,225127.0,42,T,4
1676933488.2018144,0,82288,0,GNSS,42.33826599166667,71.08661744666666,33.146,0.62,671894.0461589117,4689443.219850818,225128.0,42,T,4
1676933489.195807,0,82289,0,GNSS,42.338266016666665,71.08661744333334,33.152,0.62,671894.0458161819,4689443.222620139,225129.0,42,T,4
1676933490.1748126,0,82290,0,GNSS,42.33826602,71.08661748333333,33.143,0.62,671894.0491024063,4689443.223071143,225130.0,42,T,4
1676933491.218656,0,82291,0,GNSS,42.33826601166667,71.08661751666666,33.147,0.62,671894.0518712039,4689443.222213177,225131.0,42,T,4
1676933492.175383,0,82292,0,GNSS,42.338265998333334,71.08661750333333,33.152,0.62,671894.0508090984,4689443.220705655,225132.0,42,T,4
1676933493.2087257,0,82293,0,GNSS,42.33826602333333,71.08661749833334,33.151,0.62,671894.0503290645,4689443.223471609,225133.0,42,T,4
1676933494.2992826,0,82294,0,GNSS,42.33826599166667,71.086617525,33.149,0.62,671894.0526122259,4689443.220009175,225134.0,42,T,4
1676933495.1450205,0,82295,0,GNSS,42.338265981666666,71.08661752,33.152,0.62,671894.05222756,4689443.218888643,225135.0,42,T,4
1676933496.168284,0,82296,0,GNSS,42.338266025,71.08661749,33.146,0.62,671894.0496380004,4689443.223639834,225136.0,42,T,4
1676933497.1798155,0,82297,0,GNSS,42.338266025,71.086617535,33.146,0.62,671894.053345224,4689443.223730805,225137.0,42,T,4
1676933498.1798618,0,82298,0,GNSS,42.33826601166667,71.086617515,33.15,0.62,671894.0517338999,4689443.222209807,225138.0,42,T,4
1676933499.1902401,0,82299,0,GNSS,42.33826601,71.08661749666666,33.15,0.62,671894.0502280919,4689443.221987674,225139.0,42,T,4
1676933500.1796987,0,82300,0,GNSS,42.33826601166667,71.086617515,33.147,0.62,671894.0517338999,4689443.222209807,225140.0,42,T,4
1676933501.2461824,0,82301,0,GNSS,42.338265995,71.08661747333333,33.152,0.62,671894.0483467029,4689443.220274868,225141.0,42,T,4
1676933502.1518621,0,82302,0,GNSS,42.33826599,71.08661748833333,33.148,0.62,671894.0495960664,4689443.21974998,225142.0,42,T,4
1676933503.1909535,0,82303,0,GNSS,42.33826602166667,71.08661752833333,33.148,0.62,671894.0528050883,4689443.223347185,225143.0,42,T,4
1676933504.1823432,0,82304,0,GNSS,42.33826603666667,71.08661750833333,33.153,0.62,671894.051116562,4689443.224972389,225144.0,42,T,4
1676933505.1898377,0,82305,0,GNSS,42.338266043333334,71.08661747833334,33.153,0.62,671894.0486269138,4689443.225652023,225145.0,42,T,4
1676933506.1930416,0,82306,0,GNSS,42.338266018333336,71.08661750333333,33.15,0.62,671894.0507546011,4689443.222926505,225146.0,42,T,4
1676933507.19087,0,82307,0,GNSS,42.33826603,71.086617455,33.149,0.62,671894.0467409815,4689443.224124289,225147.0,42,T,4
1676933508.1713736,0,82308,0,GNSS,42.33826603,71.08661749833334,33.147,0.62,671894.0503108988,4689443.22421189,225148.0,42,T,4
1676933509.2297893,0,82309,0,GNSS,42.338266026666666,71.08661753833333,33.149,0.62,671894.0536152909,4689443.223922611,225149.0,42,T,4
1676933510.1993349,0,82310,0,GNSS,42.33826602833334,71.08661752166667,33.151,0.62,671894.052237704,4689443.224073989,225150.0,42,T,4
1676933511.1753821,0,82311,0,GNSS,42.33826602833334,71.086617475,33.151,0.62,671894.0483931785,4689443.223979649,225151.0,42,T,4
1676933512.1717646,0,82312,0,GNSS,42.33826602166667,71.08661749333334,33.144,0.62,671894.0499216936,4689443.22327643,225152.0,42,T,4
1676933513.2223,0,82313,0,GNSS,42.338266005,71.0866175,33.139,0.62,671894.0505163244,4689443.221439201,225153.0,42,T,4
1676933514.2589674,0,82314,0,GNSS,42.338266,71.08661749,33.15,0.62,671894.0497061219,4689443.220863773,225154.0,42,T,4
1676933515.1839397,0,82315,0,GNSS,42.33826602833334,71.08661750833333,33.144,0.62,671894.051139269,4689443.224047035,225155.0,42,T,4
1676933516.1812751,0,82316,0,GNSS,42.338266018333336,71.08661751666666,33.146,0.62,671894.0518530383,4689443.222953459,225156.0,42,T,4
1676933517.183711,0,82317,0,GNSS,42.33826600166667,71.08661748666667,33.15,0.62,671894.0494269722,4689443.221042104,225157.0,42,T,4
1676933518.1717308,0,82318,0,GNSS,42.338266008333335,71.08661748333333,33.147,0.62,671894.0491341962,4689443.221775649,225158.0,42,T,4
1676933519.385049,0,82319,0,GNSS,42.33826603,71.08661750666667,33.141,0.62,671894.0509974236,4689443.224228737,225159.0,42,T,4
1676933520.2203043,0,82320,0,GNSS,42.33826603166667,71.086617515,33.143,0.62,671894.0516794027,4689443.224430655,225200.0,42,T,4
1676933521.1432548,0,82321,0,GNSS,42.338266015,71.08661747166667,33.142,0.62,671894.0481548996,4689443.222492347,225201.0,42,T,4
1676933522.16738,0,82322,0,GNSS,42.33826602,71.08661748833333,33.144,0.62,671894.0495143207,4689443.223081251,225202.0,42,T,4
1676933523.187408,0,82323,0,GNSS,42.338266015,71.0866175,33.144,0.62,671894.0504890758,4689443.222549624,225203.0,42,T,4
1676933524.202003,0,82324,0,GNSS,42.33826604,71.08661750166667,33.145,0.62,671894.0505582584,4689443.225329052,225204.0,42,T,4
1676933525.4069972,0,82325,0,GNSS,42.33826602833334,71.08661749333334,33.144,0.62,671894.0499035278,4689443.224016711,225205.0,42,T,4
1676933526.2042983,0,82326,0,GNSS,42.33826603833333,71.08661749333334,33.144,0.62,671894.0498762793,4689443.225127135,225206.0,42,T,4
1676933527.1748555,0,82327,0,GNSS,42.33826603166667,71.08661748166666,33.145,0.62,671894.0489333121,4689443.224363269,225207.0,42,T,4
1676933528.147437,0,82328,0,GNSS,42.33826602333333,71.08661743,33.145,0.62,671894.0446995792,4689443.223333467,225208.0,42,T,4
1676933529.1716304,0,82329,0,GNSS,42.33826603,71.086617435,33.146,0.62,671894.0450933259,4689443.224083857,225209.0,42,T,4
1676933530.177046,0,82330,0,GNSS,42.33826602166667,71.08661747166667,33.146,0.62,671894.0481367339,4689443.22323263,225210.0,42,T,4
1676933531.2007704,0,82331,0,GNSS,42.338265995,71.08661743833333,33.143,0.62,671894.0454633061,4689443.220204112,225211.0,42,T,4
1676933532.201797,0,82332,0,GNSS,42.338266015,71.08661745,33.144,0.62,671894.0463699399,4689443.2224485455,225212.0,42,T,4
1676933533.14937,0,82333,0,GNSS,42.33826602333333,71.08661749166667,33.144,0.62,671894.0497798481,4689443.223458132,225213.0,42,T,4
1676933534.1813564,0,82334,0,GNSS,42.338266006666665,71.08661747333333,33.145,0.62,671894.048314913,4689443.221570362,225214.0,42,T,4
1676933535.1874282,0,82335,0,GNSS,42.33826603833333,71.08661749166667,33.143,0.62,671894.0497389752,4689443.225123766,225215.0,42,T,4
1676933536.198098,0,82336,0,GNSS,42.33826602,71.08661747833334,33.148,0.62,671894.0486904939,4689443.223061034,225216.0,42,T,4
1676933537.1995926,0,82337,0,GNSS,42.33826601166667,71.08661746666667,33.147,0.62,671894.047752068,4689443.222112097,225217.0,42,T,4
1676933538.1692948,0,82338,0,GNSS,42.338266018333336,71.08661748833333,33.15,0.62,671894.049518862,4689443.222896181,225218.0,42,T,4
1676933539.1579432,0,82339,0,GNSS,42.33826602833334,71.086617495,33.141,0.62,671894.050040832,4689443.22402008,225219.0,42,T,4
1676933540.1868026,0,82340,0,GNSS,42.338266016666665,71.08661747,33.142,0.62,671894.048013052,4689443.222674048,225220.0,42,T,4
1676933541.2030644,0,82341,0,GNSS,42.33826605,71.08661748,33.14,0.62,671894.0487460522,4689443.226395677,225221.0,42,T,4
1676933542.2010145,0,82342,0,GNSS,42.338266025,71.08661746333334,33.147,0.62,671894.0474411284,4689443.223585925,225222.0,42,T,4
1676933543.1909986,0,82343,0,GNSS,42.33826603666667,71.08661749333334,33.141,0.62,671894.0498808208,4689443.224942066,225223.0,42,T,4
1676933544.1507645,0,82344,0,GNSS,42.33826602833334,71.086617475,33.143,0.62,671894.0483931785,4689443.223979649,225224.0,42,T,4
1676933545.1838305,0,82345,0,GNSS,42.33826603333333,71.08661747333333,33.141,0.62,671894.0482422501,4689443.224531492,225225.0,42,T,4
1676933546.1905084,0,82346,0,GNSS,42.33826603333333,71.08661749,33.146,0.62,671894.0496152933,4689443.224565185,225226.0,42,T,4
1676933547.167461,0,82347,0,GNSS,42.33826604833333,71.08661751666666,33.137,0.62,671894.0517712925,4689443.22628473,225227.0,42,T,4
1676933548.1700678,0,82348,0,GNSS,42.33826605833333,71.08661749666666,33.143,0.62,671894.0500963904,4689443.227354723,225228.0,42,T,4
1676933549.1824918,0,82349,0,GNSS,42.33826603166667,71.08661747833334,33.14,0.62,671894.0486587038,4689443.22435653,225229.0,42,T,4
1676933550.2204523,0,82350,0,GNSS,42.33826603166667,71.08661749333334,33.141,0.62,671894.049894445,4689443.224386854,225230.0,42,T,4
1676933551.2213926,0,82351,0,GNSS,42.33826605,71.086617495,33.139,0.62,671894.0499817934,4689443.226426,225231.0,42,T,4
1676933552.1745703,0,82352,0,GNSS,42.338266041666664,71.08661747833334,33.135,0.62,671894.0486314553,4689443.225466954,225232.0,42,T,4
1676933553.1759572,0,82353,0,GNSS,42.338266035,71.08661744666666,33.138,0.62,671894.0460408345,4689443.224662653,225233.0,42,T,4
1676933554.1766963,0,82354,0,GNSS,42.33826603666667,71.086617455,33.138,0.62,671894.0467228157,4689443.224864571,225234.0,42,T,4
1676933555.1950796,0,82355,0,GNSS,42.33826603666667,71.08661749666666,33.14,0.62,671894.0501554289,4689443.224948804,225235.0,42,T,4
1676933556.134135,0,82356,0,GNSS,42.33826602833334,71.086617475,33.144,0.62,671894.0483931785,4689443.223979649,225236.0,42,T,4
1676933557.187327,0,82357,0,GNSS,42.338266055,71.08661751,33.136,0.62,671894.0512039104,4689443.227011535,225237.0,42,T,4
1676933558.1580133,0,82358,0,GNSS,42.338266008333335,71.08661747666666,33.142,0.62,671894.0485849797,4689443.221762171,225238.0,42,T,4
1676933559.1896007,0,82359,0,GNSS,42.33826604666667,71.08661750333333,33.139,0.62,671894.0506773968,4689443.226072704,225239.0,42,T,4
1676933560.1393776,0,82360,0,GNSS,42.33826603666667,71.08661749666666,33.137,0.62,671894.0501554289,4689443.224948804,225240.0,42,T,4
1676933561.1849537,0,82361,0,GNSS,42.338266061666666,71.08661748833333,33.134,0.62,671894.0494007849,4689443.2277080165,225241.0,42,T,4
1676933562.2364752,0,82362,0,GNSS,42.338266016666665,71.08661747666666,33.136,0.62,671894.0485622727,4689443.222687525,225242.0,42,T,4
1676933563.1906834,0,82363,0,GNSS,42.338266041666664,71.08661751166666,33.135,0.62,671894.0513775459,4689443.225534339,225243.0,42,T,4
1676933564.1491892,0,82364,0,GNSS,42.33826603333333,71.08661747166667,33.135,0.62,671894.0481049439,4689443.224528123,225244.0,42,T,4
1676933565.173624,0,82365,0,GNSS,42.338266051666665,71.08661743666667,33.139,0.62,671894.0451715934,4689443.226493145,225245.0,42,T,4
1676933566.1815195,0,82366,0,GNSS,42.338266015,71.086617495,33.133,0.62,671894.0500771634,4689443.222539516,225246.0,42,T,4
1676933567.1915638,0,82367,0,GNSS,42.33826601,71.08661748666667,33.136,0.62,671894.0494042651,4689443.221967457,225247.0,42,T,4
1676933568.1707113,0,82368,0,GNSS,42.33826601,71.08661750166667,33.133,0.62,671894.0506400042,4689443.221997781,225248.0,42,T,4
1676933569.1832736,0,82369,0,GNSS,42.33826602,71.08661749666666,33.132,0.62,671894.0502008433,4689443.223098096,225249.0,42,T,4
1676933570.1920302,0,82370,0,GNSS,42.338266025,71.08661750333333,33.133,0.62,671894.0507364355,4689443.223666788,225250.0,42,T,4
1676933571.1928744,0,82371,0,GNSS,42.33826604,71.08661751833333,33.138,0.62,671894.0519313037,4689443.225362745,225251.0,42,T,4
1676933572.191046,0,82372,0,GNSS,42.338266035,71.08661752166667,33.137,0.62,671894.0522195384,4689443.2248142725,225252.0,42,T,4
1676933573.1993804,0,82373,0,GNSS,42.33826602333333,71.08661752833333,33.139,0.62,671894.0528005469,4689443.223532256,225253.0,42,T,4
1676933574.17016,0,82374,0,GNSS,42.33826604,71.08661752333333,33.14,0.62,671894.0523432181,4689443.225372853,225254.0,42,T,4
1676933575.1741722,0,82375,0,GNSS,42.33826603833333,71.08661752833333,33.14,0.62,671894.052759674,4689443.22519789,225255.0,42,T,4
1676933576.1885886,0,82376,0,GNSS,42.33826601333333,71.08661753833333,33.137,0.62,671894.0536516223,4689443.222442047,225256.0,42,T,4
1676933577.1946023,0,82377,0,GNSS,42.33826603666667,71.086617535,33.143,0.62,671894.053313434,4689443.225026298,225257.0,42,T,4
1676933578.1885645,0,82378,0,GNSS,42.33826603833333,71.08661752166667,33.144,0.62,671894.0522104555,4689443.225184414,225258.0,42,T,4
1676933579.2152503,0,82379,0,GNSS,42.33826603666667,71.08661752833333,33.147,0.62,671894.0527642155,4689443.225012821,225259.0,42,T,4
1676933580.163458,0,82380,0,GNSS,42.338266018333336,71.086617535,33.143,0.62,671894.0533633898,4689443.222990522,225300.0,42,T,4
1676933581.1890657,0,82381,0,GNSS,42.33826602,71.086617545,33.147,0.62,671894.0541826751,4689443.223195806,225301.0,42,T,4
1676933582.1647441,0,82382,0,GNSS,42.338266008333335,71.086617485,33.147,0.62,671894.0492715024,4689443.221779018,225302.0,42,T,4
1676933583.2140288,0,82383,0,GNSS,42.338266026666666,71.08661750333333,33.142,0.62,671894.050731894,4689443.223851857,225303.0,42,T,4
1676933584.1775618,0,82384,0,GNSS,42.33826602333333,71.08661752166667,33.147,0.62,671894.0522513284,4689443.223518779,225304.0,42,T,4
1676933585.1938033,0,82385,0,GNSS,42.33826604666667,71.08661754666667,33.147,0.62,671894.0542473163,4689443.226160307,225305.0,42,T,4
1676933586.1548676,0,82386,0,GNSS,42.33826603833333,71.08661754,33.141,0.62,671894.053720807,4689443.225221476,225306.0,42,T,4
1676933587.1894078,0,82387,0,GNSS,42.338266026666666,71.08661754,33.143,0.62,671894.053752597,4689443.223925982,225307.0,42,T,4
1676933588.1864939,0,82388,0,GNSS,42.33826602166667,71.08661753333334,33.144,0.62,671894.0532170007,4689443.223357293,225308.0,42,T,4
1676933589.1943293,0,82389,0,GNSS,42.33826602,71.08661754166667,33.148,0.62,671894.0539080668,4689443.223189068,225309.0,42,T,4
1676933590.2481754,0,82390,0,GNSS,42.338266026666666,71.08661755,33.15,0.62,671894.0545764217,4689443.223946197,225310.0,42,T,4
1676933591.1803453,0,82391,0,GNSS,42.338266018333336,71.08661750333333,33.144,0.62,671894.0507546011,4689443.222926505,225311.0,42,T,4
1676933592.1744804,0,82392,0,GNSS,42.33826603166667,71.08661752,33.14,0.62,671894.0520913171,4689443.224440764,225312.0,42,T,4
1676933593.1706522,0,82393,0,GNSS,42.33826603666667,71.08661752666667,33.146,0.62,671894.0526269113,4689443.225009452,225313.0,42,T,4
1676933594.1778772,0,82394,0,GNSS,42.33826603166667,71.08661754333333,33.139,0.62,671894.054013581,4689443.224487932,225314.0,42,T,4
1676933595.2369907,0,82395,0,GNSS,42.338266041666664,71.08661756666666,33.14,0.62,671894.0559085942,4689443.225645526,225315.0,42,T,4
1676933596.2083664,0,82396,0,GNSS,42.33826600166667,71.08661753833333,33.143,0.62,671894.0536834123,4689443.221146553,225316.0,42,T,4
1676933597.2940037,0,82397,0,GNSS,42.33826604,71.08661753666667,33.142,0.62,671894.0534416552,4689443.225399808,225317.0,42,T,4
1676933598.256269,0,82398,0,GNSS,42.338266035,71.08661753833333,33.144,0.62,671894.0535925836,4689443.224847966,225318.0,42,T,4
1676933599.224833,0,82399,0,GNSS,42.33826601166667,71.086617525,33.144,0.62,671894.0525577287,4689443.222230023,225319.0,42,T,4
1676933600.181922,0,82400,0,GNSS,42.338266043333334,71.08661753666667,33.144,0.62,671894.0534325724,4689443.225769949,225320.0,42,T,4
1676933601.1958864,0,82401,0,GNSS,42.33826604666667,71.08661755166666,33.143,0.62,671894.0546592287,4689443.226170415,225321.0,42,T,4
1676933602.1471217,0,82402,0,GNSS,42.338266035,71.08661753166666,33.145,0.62,671894.0530433651,4689443.224834488,225322.0,42,T,4
1676933603.2467406,0,82403,0,GNSS,42.338266006666665,71.08661751833333,33.15,0.62,671894.0520221323,4689443.221661333,225323.0,42,T,4
1676933604.211412,0,82404,0,GNSS,42.33826602833334,71.08661750666667,33.146,0.62,671894.051001965,4689443.224043665,225324.0,42,T,4
1676933605.1857088,0,82405,0,GNSS,42.338266053333335,71.08661753166666,33.141,0.62,671894.0529934095,4689443.226870266,225325.0,42,T,4
1676933606.1949432,0,82406,0,GNSS,42.338266035,71.08661752333333,33.142,0.62,671894.0523568424,4689443.224817642,225326.0,42,T,4
1676933607.197525,0,82407,0,GNSS,42.338266045,71.08661751833333,33.139,0.62,671894.0519176795,4689443.225917958,225327.0,42,T,4
1676933608.1816142,0,82408,0,GNSS,42.33826603166667,71.08661750333333,33.138,0.62,671894.0507182698,4689443.224407069,225328.0,42,T,4
1676933609.2076287,0,82409,0,GNSS,42.33826605833333,71.08661752666667,33.14,0.62,671894.0525678728,4689443.22741537,225329.0,42,T,4
1676933610.1782725,0,82410,0,GNSS,42.338266055,71.08661750833333,33.141,0.62,671894.0510666062,4689443.227008165,225330.0,42,T,4
1676933611.1563995,0,82411,0,GNSS,42.338266063333336,71.08661752833333,33.135,0.62,671894.0526915526,4689443.22797395,225331.0,42,T,4
1676933612.1784203,0,82412,0,GNSS,42.33826604833333,71.086617505,33.135,0.62,671894.0508101637,4689443.2262611445,225332.0,42,T,4
1676933613.176308,0,82413,0,GNSS,42.338266043333334,71.08661751833333,33.137,0.62,671894.051922221,4689443.225732886,225333.0,42,T,4
1676933614.1637945,0,82414,0,GNSS,42.338266015,71.08661751,33.139,0.62,671894.0513129046,4689443.22256984,225334.0,42,T,4
1676933615.2145696,0,82415,0,GNSS,42.338266026666666,71.08661752833333,33.142,0.62,671894.052791464,4689443.223902396,225335.0,42,T,4
1676933616.2227442,0,82416,0,GNSS,42.33826602,71.086617525,33.147,0.62,671894.0525350216,4689443.223155376,225336.0,42,T,4
1676933617.1934059,0,82417,0,GNSS,42.33826605833333,71.08661752666667,33.138,0.62,671894.0525678728,4689443.22741537,225337.0,42,T,4
1676933618.1860807,0,82418,0,GNSS,42.33826605833333,71.08661752833333,33.138,0.62,671894.0527051769,4689443.227418739,225338.0,42,T,4
1676933619.165561,0,82419,0,GNSS,42.338266053333335,71.08661751333334,33.138,0.62,671894.05148306,4689443.226833204,225339.0,42,T,4
1676933620.1453764,0,82420,0,GNSS,42.33826606,71.08661751333334,33.134,0.62,671894.0514648943,4689443.227573486,225340.0,42,T,4
1676933621.1990237,0,82421,0,GNSS,42.338266051666665,71.08661749833334,33.136,0.62,671894.0502518602,4689443.226617808,225341.0,42,T,4
1676933622.1812024,0,82422,0,GNSS,42.338266051666665,71.08661750833333,33.137,0.62,671894.051075689,4689443.226638025,225342.0,42,T,4
1676933623.187929,0,82423,0,GNSS,42.338266041666664,71.08661753666667,33.14,0.62,671894.0534371139,4689443.225584879,225343.0,42,T,4
1676933624.1690848,0,82424,0,GNSS,42.338266041666664,71.08661753666667,33.138,0.62,671894.0534371139,4689443.225584879,225344.0,42,T,4
1676933625.1468716,0,82425,0,GNSS,42.338266026666666,71.08661753333334,33.139,0.62,671894.0532033765,4689443.2239125045,225345.0,42,T,4
1676933626.1700397,0,82426,0,GNSS,42.33826606,71.08661753666667,33.137,0.62,671894.0533871581,4689443.227620656,225346.0,42,T,4
1676933627.1815813,0,82427,0,GNSS,42.338266061666666,71.08661752833333,33.136,0.62,671894.052696094,4689443.22778888,225347.0,42,T,4
1676933628.1910694,0,82428,0,GNSS,42.338266065,71.08661749333334,33.14,0.62,671894.0498036165,4689443.228088265,225348.0,42,T,4
1676933629.1860466,0,82429,0,GNSS,42.33826605833333,71.08661752,33.133,0.62,671894.0520186542,4689443.227401893,225349.0,42,T,4
1676933630.1767454,0,82430,0,GNSS,42.33826607,71.086617525,33.136,0.62,671894.0523987787,4689443.228707495,225350.0,42,T,4
1676933631.5308278,0,82431,0,GNSS,42.338266055,71.08661748666667,33.14,0.62,671894.0492816465,4689443.226964365,225351.0,42,T,4
1676933632.1778963,0,82432,0,GNSS,42.33826604833333,71.086617515,33.141,0.62,671894.0516339884,4689443.226281361,225352.0,42,T,4
1676933633.189592,0,82433,0,GNSS,42.33826604833333,71.086617505,33.141,0.62,671894.0508101637,4689443.2262611445,225353.0,42,T,4
1676933634.1891012,0,82434,0,GNSS,42.338266051666665,71.08661750833333,33.136,0.62,671894.051075689,4689443.226638025,225354.0,42,T,4
1676933635.208026,0,82435,0,GNSS,42.338266071666666,71.086617515,33.133,0.62,671894.0515704084,4689443.2288723495,225355.0,42,T,4
1676933636.194519,0,82436,0,GNSS,42.33826605666667,71.08661749666666,33.134,0.62,671894.0501009318,4689443.227169652,225356.0,42,T,4
1676933637.2003458,0,82437,0,GNSS,42.338266063333336,71.08661753666667,33.135,0.62,671894.0533780752,4689443.227990797,225357.0,42,T,4
1676933638.1744983,0,82438,0,GNSS,42.338266051666665,71.08661750666667,33.136,0.62,671894.050938385,4689443.226634655,225358.0,42,T,4
1676933639.2377944,0,82439,0,GNSS,42.33826605666667,71.08661751,33.133,0.62,671894.0511993689,4689443.227196606,225359.0,42,T,4
1676933640.1830988,0,82440,0,GNSS,42.338266061666666,71.086617515,33.136,0.62,671894.0515976569,4689443.227761925,225400.0,42,T,4
1676933641.1915977,0,82441,0,GNSS,42.33826607333334,71.08661752833333,33.137,0.62,671894.052664304,4689443.229084374,225401.0,42,T,4
1676933642.162329,0,82442,0,GNSS,42.33826606,71.0866175,33.134,0.62,671894.0503664572,4689443.227546532,225402.0,42,T,4
1676933643.1756768,0,82443,0,GNSS,42.33826605,71.086617505,33.137,0.62,671894.0508056222,4689443.226446216,225403.0,42,T,4
1676933644.1672544,0,82444,0,GNSS,42.33826607333334,71.08661752666667,33.134,0.62,671894.052527,4689443.229081006,225404.0,42,T,4
1676933645.2153745,0,82445,0,GNSS,42.33826607,71.086617485,33.135,0.62,671894.0491034695,4689443.228626632,225405.0,42,T,4
1676933646.1837635,0,82446,0,GNSS,42.33826606,71.086617505,33.135,0.62,671894.0507783737,4689443.227556639,225406.0,42,T,4
1676933647.154915,0,82447,0,GNSS,42.33826604666667,71.08661752166667,33.136,0.62,671894.0521877484,4689443.226109767,225407.0,42,T,4
1676933648.1694362,0,82448,0,GNSS,42.338266055,71.08661752833333,33.14,0.62,671894.0527142597,4689443.227048597,225408.0,42,T,4
1676933649.252141,0,82449,0,GNSS,42.33826603333333,71.08661752,33.142,0.62,671894.0520867757,4689443.224625832,225409.0,42,T,4
1676933650.1932533,0,82450,0,GNSS,42.33826605833333,71.08661751,33.14,0.62,671894.0511948275,4689443.227381677,225410.0,42,T,4
1676933651.2086124,0,82451,0,GNSS,42.33826607666666,71.08661748666667,33.14,0.62,671894.0492226079,4689443.229370284,225411.0,42,T,4
1676933652.1519954,0,82452,0,GNSS,42.338266075,71.08661748833333,33.138,0.62,671894.0493644534,4689443.229188581,225412.0,42,T,4
1676933653.157881,0,82453,0,GNSS,42.33826607,71.08661751833333,33.137,0.62,671894.051849558,4689443.228694018,225413.0,42,T,4
1676933654.172433,0,82454,0,GNSS,42.338266055,71.08661751666666,33.142,0.62,671894.0517531268,4689443.227025012,225414.0,42,T,4
1676933655.1531467,0,82455,0,GNSS,42.338266035,71.086617505,33.141,0.62,671894.0508464952,4689443.22478058,225415.0,42,T,4
1676933656.1864302,0,82456,0,GNSS,42.33826603166667,71.086617515,33.148,0.62,671894.0516794027,4689443.224430655,225416.0,42,T,4
1676933657.1870596,0,82457,0,GNSS,42.338266006666665,71.08661752166667,33.151,0.62,671894.0522967427,4689443.221668072,225417.0,42,T,4
1676933658.1904018,0,82458,0,GNSS,42.33826603833333,71.08661754,33.142,0.62,671894.053720807,4689443.225221476,225418.0,42,T,4
1676933659.1935751,0,82459,0,GNSS,42.33826604833333,71.08661753166666,33.145,0.62,671894.0530070337,4689443.226315054,225419.0,42,T,4
1676933660.1859097,0,82460,0,GNSS,42.33826604666667,71.08661751333334,33.146,0.62,671894.0515012257,4689443.226092922,225420.0,42,T,4
1676933661.1962385,0,82461,0,GNSS,42.33826603833333,71.08661751166666,33.141,0.62,671894.0513866288,4689443.225164197,225421.0,42,T,4
1676933662.176238,0,82462,0,GNSS,42.33826602166667,71.08661747166667,33.145,0.62,671894.0481367339,4689443.22323263,225422.0,42,T,4
1676933663.16719,0,82463,0,GNSS,42.338266041666664,71.08661749166667,33.146,0.62,671894.0497298924,4689443.225493908,225423.0,42,T,4
1676933664.1632934,0,82464,0,GNSS,42.33826603833333,71.08661748666667,33.146,0.62,671894.0493270608,4689443.225113657,225424.0,42,T,4
1676933665.1807196,0,82465,0,GNSS,42.33826605,71.08661753666667,33.146,0.62,671894.0534144067,4689443.226510232,225425.0,42,T,4
1676933666.1922598,0,82466,0,GNSS,42.33826604833333,71.08661752,33.147,0.62,671894.0520459028,4689443.226291468,225426.0,42,T,4
1676933667.192953,0,82467,0,GNSS,42.33826606,71.08661753833333,33.147,0.62,671894.0535244623,4689443.227624026,225427.0,42,T,4
1676933668.2337954,0,82468,0,GNSS,42.338266063333336,71.08661755,33.144,0.62,671894.0544765103,4689443.228017752,225428.0,42,T,4
1676933669.2372513,0,82469,0,GNSS,42.33826604,71.08661749833334,33.146,0.62,671894.0502836502,4689443.225322314,225429.0,42,T,4
1676933670.2000828,0,82470,0,GNSS,42.338266041666664,71.08661751333334,33.146,0.62,671894.05151485,4689443.225537708,225430.0,42,T,4
1676933671.19856,0,82471,0,GNSS,42.338266005,71.08661750833333,33.146,0.62,671894.0512028491,4689443.221456048,225431.0,42,T,4
1676933672.1677647,0,82472,0,GNSS,42.338266026666666,71.08661751333334,33.149,0.62,671894.0515557228,4689443.223872072,225432.0,42,T,4
1676933673.1896014,0,82473,0,GNSS,42.33826603166667,71.08661752833333,33.146,0.62,671894.0527778398,4689443.2244576095,225433.0,42,T,4
1676933674.1479807,0,82474,0,GNSS,42.338266043333334,71.086617525,33.145,0.62,671894.0524714416,4689443.225746364,225434.0,42,T,4
1676933675.1841302,0,82475,0,GNSS,42.33826603166667,71.08661754,33.143,0.62,671894.0537389728,4689443.224481194,225435.0,42,T,4
1676933676.2003474,0,82476,0,GNSS,42.338266045,71.086617535,33.146,0.62,671894.0532907268,4689443.22595165,225436.0,42,T,4
1676933677.2021582,0,82477,0,GNSS,42.33826603166667,71.08661753333334,33.15,0.62,671894.0531897522,4689443.224467717,225437.0,42,T,4
1676933678.1476152,0,82478,0,GNSS,42.338266018333336,71.086617525,33.151,0.62,671894.052539563,4689443.222970306,225438.0,42,T,4
1676933679.1767938,0,82479,0,GNSS,42.33826604,71.08661752833333,33.149,0.62,671894.0527551326,4689443.225382961,225439.0,42,T,4
1676933680.207608,0,82480,0,GNSS,42.33826603166667,71.08661753833333,33.15,0.62,671894.0536016666,4689443.224477826,225440.0,42,T,4
1676933681.192413,0,82481,0,GNSS,42.33826602,71.086617515,33.147,0.62,671894.0517111927,4689443.22313516,225441.0,42,T,4
1676933682.1913903,0,82482,0,GNSS,42.33826603166667,71.086617545,33.145,0.62,671894.0541508851,4689443.224491303,225442.0,42,T,4
1676933683.1960666,0,82483,0,GNSS,42.338266045,71.08661752666667,33.148,0.62,671894.0526042043,4689443.225934804,225443.0,42,T,4
1676933684.15998,0,82484,0,GNSS,42.338266025,71.086617505,33.146,0.62,671894.0508737437,4689443.223670158,225444.0,42,T,4
1676933685.186491,0,82485,0,GNSS,42.33826604,71.08661759,33.14,0.62,671894.0578354015,4689443.225507625,225445.0,42,T,4
1676933686.1610978,0,82486,0,GNSS,42.338266041666664,71.08661756833334,33.141,0.62,671894.0560459003,4689443.225648895,225446.0,42,T,4
1676933687.210579,0,82487,0,GNSS,42.33826603,71.08661751833333,33.149,0.62,671894.0519585523,4689443.224252323,225447.0,42,T,4
1676933688.1783738,0,82488,0,GNSS,42.33826602833334,71.08661753,33.142,0.62,671894.0529242267,4689443.224090836,225448.0,42,T,4
1676933689.2005904,0,82489,0,GNSS,42.33826602333333,71.08661752833333,33.143,0.62,671894.0528005469,4689443.223532256,225449.0,42,T,4
1676933690.1505632,0,82490,0,GNSS,42.338266041666664,71.08661754,33.145,0.62,671894.0537117242,4689443.225591618,225450.0,42,T,4
1676933691.189395,0,82491,0,GNSS,42.338266043333334,71.08661754166667,33.144,0.62,671894.0538444868,4689443.225780057,225451.0,42,T,4
1676933692.1772401,0,82492,0,GNSS,42.338266026666666,71.08661750833333,33.146,0.62,671894.0511438105,4689443.223861964,225452.0,42,T,4
1676933693.1878288,0,82493,0,GNSS,42.33826603333333,71.08661754333333,33.145,0.72,671894.0540090395,4689443.224673003,225453.0,42,T,4
1676933694.186462,0,82494,0,GNSS,42.33826602833334,71.08661753166666,33.146,0.72,671894.0530615309,4689443.224094205,225454.0,42,T,4
1676933695.1751528,0,82495,0,GNSS,42.33826603333333,71.08661750833333,33.148,0.72,671894.0511256448,4689443.224602248,225455.0,42,T,4
1676933696.1525867,0,82496,0,GNSS,42.33826603,71.08661752666667,33.143,0.72,671894.0526450771,4689443.224269168,225456.0,42,T,4
1676933697.1808715,0,82497,0,GNSS,42.338266015,71.08661752333333,33.142,0.72,671894.0524113396,4689443.222596794,225457.0,42,T,4
1676933698.1903005,0,82498,0,GNSS,42.338266006666665,71.08661753333334,33.142,0.72,671894.0532578735,4689443.221691657,225458.0,42,T,4
1676933699.2007697,0,82499,0,GNSS,42.338266035,71.08661751166666,33.142,0.62,671894.0513957116,4689443.224794056,225459.0,42,T,4
1676933700.175034,0,82500,0,GNSS,42.33826604666667,71.08661751,33.145,0.62,671894.0512266175,4689443.2260861825,225500.0,42,T,4
1676933701.1804593,0,82501,0,GNSS,42.33826605833333,71.08661751333334,33.148,0.62,671894.0514694357,4689443.2273884155,225501.0,42,T,4
1676933702.1570477,0,82502,0,GNSS,42.33826602333333,71.086617515,33.151,0.62,671894.0517021099,4689443.223505302,225502.0,42,T,4
1676933703.177499,0,82503,0,GNSS,42.33826603,71.08661751833333,33.146,0.62,671894.0519585523,4689443.224252323,225503.0,42,T,4
1676933704.1678236,0,82504,0,GNSS,42.33826603,71.08661753666667,33.148,0.62,671894.0534689039,4689443.224289385,225504.0,42,T,4
1676933705.1972787,0,82505,0,GNSS,42.33826605,71.08661753166666,33.144,0.62,671894.0530024923,4689443.226500125,225505.0,42,T,4
1676933706.2141385,0,82506,0,GNSS,42.338266045,71.08661751833333,33.148,0.62,671894.0519176795,4689443.225917958,225506.0,42,T,4
1676933707.198583,0,82507,0,GNSS,42.338266061666666,71.08661753,33.148,0.62,671894.0528333981,4689443.227792249,225507.0,42,T,4
1676933708.1680894,0,82508,0,GNSS,42.33826603666667,71.086617495,33.15,0.62,671894.0500181249,4689443.224945435,225508.0,42,T,4
1676933709.1964762,0,82509,0,GNSS,42.33826605,71.08661750666667,33.144,0.62,671894.0509429264,4689443.226449585,225509.0,42,T,4
1676933710.3231103,0,82510,0,GNSS,42.338266,71.08661747833334,33.147,0.62,671894.0487449911,4689443.220840188,225510.0,42,T,4
1676933711.1850085,0,82511,0,GNSS,42.33826605666667,71.086617525,33.144,0.62,671894.0524351101,4689443.22722693,225511.0,42,T,4
1676933712.2515705,0,82512,0,GNSS,42.33826604833333,71.08661748666667,33.147,0.62,671894.0492998122,4689443.2262240825,225512.0,42,T,4
1676933713.1982033,0,82513,0,GNSS,42.33826604666667,71.08661750666667,33.144,0.62,671894.0509520093,4689443.2260794435,225513.0,42,T,4
1676933714.1602974,0,82514,0,GNSS,42.33826603666667,71.08661751666666,33.143,0.62,671894.0518030825,4689443.224989235,225514.0,42,T,4
1676933715.1975296,0,82515,0,GNSS,42.33826606,71.08661749666666,33.144,0.62,671894.0500918489,4689443.227539793,225515.0,42,T,4
1676933716.1906674,0,82516,0,GNSS,42.338266055,71.08661748833333,33.142,0.62,671894.0494189506,4689443.226967734,225516.0,42,T,4
1676933717.1886835,0,82517,0,GNSS,42.338266043333334,71.08661747,33.141,0.62,671894.047940389,4689443.2256351765,225517.0,42,T,4
1676933718.1784377,0,82518,0,GNSS,42.338266055,71.08661749166667,33.145,0.62,671894.0496935609,4689443.226974472,225518.0,42,T,4
1676933719.1969314,0,82519,0,GNSS,42.338266078333334,71.08661753333334,33.141,0.62,671894.053062592,4689443.229649694,225519.0,42,T,4
1676933720.1595325,0,82520,0,GNSS,42.338266055,71.08661752166667,33.14,0.62,671894.0521650412,4689443.22703512,225520.0,42,T,4
1676933721.169337,0,82521,0,GNSS,42.33826604,71.08661749333334,33.144,0.62,671894.0498717378,4689443.225312205,225521.0,42,T,4
1676933722.1505888,0,82522,0,GNSS,42.33826602166667,71.08661749833334,33.138,0.62,671894.050333606,4689443.223286538,225522.0,42,T,4
1676933723.178496,0,82523,0,GNSS,42.338266041666664,71.086617515,33.144,0.62,671894.0516521542,4689443.2255410785,225523.0,42,T,4
1676933724.1833723,0,82524,0,GNSS,42.338266078333334,71.08661749666666,33.138,0.62,671894.0500418933,4689443.229575569,225524.0,42,T,4
1676933725.2070398,0,82525,0,GNSS,42.33826608333333,71.08661751166666,33.141,0.62,671894.0512640101,4689443.230161106,225525.0,42,T,4
1676933726.1891491,0,82526,0,GNSS,42.33826609166667,71.08661752166667,33.138,0.62,671894.0520651297,4689443.231106673,225526.0,42,T,4
1676933727.1895041,0,82527,0,GNSS,42.33826610166667,71.08661749333334,33.133,0.62,671894.0497037049,4689443.232159819,225527.0,42,T,4
1676933728.1523976,0,82528,0,GNSS,42.33826608333333,71.08661752666667,33.135,0.62,671894.0524997513,4689443.230191429,225528.0,42,T,4
1676933729.1831584,0,82529,0,GNSS,42.33826606666667,71.08661751666666,33.141,0.62,671894.0517213368,4689443.228320507,225529.0,42,T,4
1676933730.1818967,0,82530,0,GNSS,42.338266055,71.08661751166666,33.143,0.62,671894.0513412145,4689443.227014905,225530.0,42,T,4
1676933731.263005,0,82531,0,GNSS,42.338266065,71.08661750833333,33.14,0.62,671894.0510393577,4689443.228118589,225531.0,42,T,4
1676933732.1756334,0,82532,0,GNSS,42.338266053333335,71.086617475,33.142,0.62,671894.048325057,4689443.226755709,225532.0,42,T,4
1676933733.186284,0,82533,0,GNSS,42.33826606833333,71.08661752833333,33.14,0.62,671894.0526779284,4689443.228529163,225533.0,42,T,4
1676933734.213344,0,82534,0,GNSS,42.338266053333335,71.086617525,33.139,0.62,671894.0524441929,4689443.226856788,225534.0,42,T,4
1676933735.1815488,0,82535,0,GNSS,42.338266055,71.08661750833333,33.139,0.62,671894.0510666062,4689443.227008165,225535.0,42,T,4
1676933736.1403177,0,82536,0,GNSS,42.338266078333334,71.08661752833333,33.14,0.62,671894.0526506797,4689443.229639586,225536.0,42,T,4
1676933737.1849923,0,82537,0,GNSS,42.338266065,71.08661752333333,33.145,0.62,671894.0522750968,4689443.228148913,225537.0,42,T,4
1676933738.1669576,0,82538,0,GNSS,42.33826607666666,71.08661751,33.141,0.62,671894.0511448717,4689443.2294174535,225538.0,42,T,4
1676933739.1992583,0,82539,0,GNSS,42.338266065,71.086617515,33.143,0.62,671894.0515885741,4689443.228132067,225539.0,42,T,4
1676933740.2266374,0,82540,0,GNSS,42.338266086666664,71.08661753166666,33.136,0.62,671894.0529025808,4689443.230571677,225540.0,42,T,4
1676933741.4773948,0,82541,0,GNSS,42.33826606666667,71.08661754,33.142,0.62,671894.0536436026,4689443.228367677,225541.0,42,T,4
1676933742.1946225,0,82542,0,GNSS,42.338266105,71.08661749,33.14,0.62,671894.0494200118,4689443.232523222,225542.0,42,T,4
1676933743.2172642,0,82543,0,GNSS,42.338266063333336,71.08661752,33.138,0.62,671894.05200503,4689443.227957104,225543.0,42,T,4
1676933744.2383602,0,82544,0,GNSS,42.33826604833333,71.086617545,33.146,0.62,671894.0541054708,4689443.226342008,225544.0,42,T,4
1676933745.1917496,0,82545,0,GNSS,42.33826608166667,71.086617535,33.137,0.62,671894.0531908154,4689443.230023205,225545.0,42,T,4
1676933746.1539903,0,82546,0,GNSS,42.338266045,71.08661752666667,33.139,0.62,671894.0526042043,4689443.225934804,225546.0,42,T,4
1676933747.2419512,0,82547,0,GNSS,42.33826606666667,71.08661753,33.143,0.62,671894.0528197738,4689443.228347461,225547.0,42,T,4
1676933748.172964,0,82548,0,GNSS,42.338266041666664,71.08661750333333,33.147,0.62,671894.0506910211,4689443.225517493,225548.0,42,T,4
1676933749.1903996,0,82549,0,GNSS,42.33826607666666,71.08661752,33.145,0.62,671894.0519686985,4689443.22943767,225549.0,42,T,4
1676933750.1752307,0,82550,0,GNSS,42.33826605833333,71.08661752,33.15,0.62,671894.0520186542,4689443.227401893,225550.0,42,T,4
1676933751.2011344,0,82551,0,GNSS,42.338266075,71.08661755166666,33.139,0.62,671894.0545820243,4689443.229316615,225551.0,42,T,4
1676933752.188427,0,82552,0,GNSS,42.338266095,71.08661752833333,33.149,0.62,671894.0526052654,4689443.2314902935,225552.0,42,T,4
1676933753.1679807,0,82553,0,GNSS,42.33826608166667,71.08661753666667,33.145,0.62,671894.0533281196,4689443.230026575,225553.0,42,T,4
1676933754.188729,0,82554,0,GNSS,42.338266065,71.08661752,33.145,0.62,671894.0520004885,4689443.228142175,225554.0,42,T,4
1676933755.1330879,0,82555,0,GNSS,42.338266075,71.08661753166666,33.149,0.62,671894.0529343708,4689443.229276183,225555.0,42,T,4
1676933756.1886544,0,82556,0,GNSS,42.33826607,71.086617525,33.151,0.62,671894.0523987787,4689443.228707495,225556.0,42,T,4
1676933757.183635,0,82557,0,GNSS,42.33826606,71.08661755666667,33.15,0.62,671894.0550348137,4689443.227661088,225557.0,42,T,4
1676933758.1918893,0,82558,0,GNSS,42.338266051666665,71.08661753333334,33.15,0.62,671894.0531352549,4689443.226688565,225558.0,42,T,4
1676933759.2624106,0,82559,0,GNSS,42.33826602833334,71.08661753,33.149,0.62,671894.0529242267,4689443.224090836,225559.0,42,T,4
1676933760.17355,0,82560,0,GNSS,42.338266041666664,71.08661755666667,33.152,0.62,671894.0550847695,4689443.225625311,225600.0,42,T,4
1676933761.2018847,0,82561,0,GNSS,42.33826605,71.08661755666667,33.149,0.62,671894.0550620623,4689443.226550664,225601.0,42,T,4
1676933762.2076833,0,82562,0,GNSS,42.33826603833333,71.08661756166667,33.153,0.62,671894.0555057647,4689443.225265277,225602.0,42,T,4
1676933763.2070053,0,82563,0,GNSS,42.338266063333336,71.08661755166666,33.152,0.62,671894.0546138143,4689443.228021121,225603.0,42,T,4
1676933764.1474469,0,82564,0,GNSS,42.33826602333333,71.08661751833333,33.152,0.62,671894.051976718,4689443.22351204,225604.0,42,T,4
1676933765.2110069,0,82565,0,GNSS,42.338266026666666,71.08661753333334,33.155,0.62,671894.0532033765,4689443.2239125045,225605.0,42,T,4
1676933766.2139652,0,82566,0,GNSS,42.33826603666667,71.086617545,33.152,0.62,671894.0541372608,4689443.225046514,225606.0,42,T,4
1676933767.165189,0,82567,0,GNSS,42.338266051666665,71.08661753666667,33.156,0.62,671894.0534098652,4689443.226695303,225607.0,42,T,4
1676933768.1871605,0,82568,0,GNSS,42.33826604666667,71.08661754333333,33.153,0.62,671894.0539727081,4689443.226153569,225608.0,42,T,4
1676933769.1798692,0,82569,0,GNSS,42.33826603333333,71.08661755333334,33.155,0.62,671894.0548328663,4689443.224693218,225609.0,42,T,4
1676933770.1763902,0,82570,0,GNSS,42.33826600166667,71.08661752833333,33.153,0.62,671894.0528595855,4689443.221126337,225610.0,42,T,4
1676933771.1916263,0,82571,0,GNSS,42.338266015,71.08661752833333,33.153,0.62,671894.052823254,4689443.222606903,225611.0,42,T,4
1676933772.442114,0,82572,0,GNSS,42.33826600333333,71.08661754333333,33.158,0.62,671894.0540907853,4689443.221341731,225612.0,42,T,4
1676933773.1863534,0,82573,0,GNSS,42.33826602166667,71.08661755666667,33.155,0.62,671894.0551392667,4689443.223404463,225613.0,42,T,4
1676933774.1788642,0,82574,0,GNSS,42.33826602166667,71.08661755666667,33.153,0.62,671894.0551392667,4689443.223404463,225614.0,42,T,4
1676933775.188622,0,82575,0,GNSS,42.338266026666666,71.086617515,33.16,0.62,671894.051693027,4689443.223875442,225615.0,42,T,4
1676933776.2075791,0,82576,0,GNSS,42.338266035,71.08661754833334,33.155,0.62,671894.0544164104,4689443.224868181,225616.0,42,T,4
1676933777.2244754,0,82577,0,GNSS,42.338265996666664,71.08661751166666,33.159,0.62,671894.0515001644,4689443.2205374325,225617.0,42,T,4
1676933778.1872005,0,82578,0,GNSS,42.338265981666666,71.08661752666667,33.159,0.62,671894.0527767786,4689443.21890212,225618.0,42,T,4
1676933779.1956735,0,82579,0,GNSS,42.338266018333336,71.08661754833334,33.157,0.62,671894.0544618247,4689443.223017476,225619.0,42,T,4
1676933780.1654813,0,82580,0,GNSS,42.33826599166667,71.08661753666667,33.158,0.62,671894.0535733567,4689443.220032761,225620.0,42,T,4
1676933781.152439,0,82581,0,GNSS,42.338266018333336,71.08661753666667,33.157,0.62,671894.0535006939,4689443.222993891,225621.0,42,T,4
1676933782.1583426,0,82582,0,GNSS,42.33826603,71.08661753166666,33.156,0.62,671894.0530569894,4689443.224279277,225622.0,42,T,4
1676933783.19826,0,82583,0,GNSS,42.338266018333336,71.0866175,33.159,0.62,671894.050479993,4689443.222919766,225623.0,42,T,4
1676933784.1825178,0,82584,0,GNSS,42.338266035,71.086617505,33.156,0.62,671894.0508464952,4689443.22478058,225624.0,42,T,4
1676933785.2199736,0,82585,0,GNSS,42.33826604,71.08661753666667,33.156,0.62,671894.0534416552,4689443.225399808,225625.0,42,T,4
1676933786.188683,0,82586,0,GNSS,42.338266016666665,71.08661752833333,33.161,0.62,671894.0528187127,4689443.222791973,225626.0,42,T,4
1676933787.1955142,0,82587,0,GNSS,42.33826603166667,71.08661755,33.152,0.62,671894.0545627974,4689443.2245014105,225627.0,42,T,4
1676933788.1711867,0,82588,0,GNSS,42.33826603166667,71.08661753833333,33.155,0.62,671894.0536016666,4689443.224477826,225628.0,42,T,4
1676933789.1712906,0,82589,0,GNSS,42.33826603166667,71.086617525,33.153,0.62,671894.0525032316,4689443.22445087,225629.0,42,T,4
1676933790.1769032,0,82590,0,GNSS,42.33826600166667,71.08661753,33.153,0.62,671894.0529968897,4689443.221129706,225630.0,42,T,4
1676933791.1620793,0,82591,0,GNSS,42.338266026666666,71.08661752833333,33.153,0.62,671894.052791464,4689443.223902396,225631.0,42,T,4
1676933792.1859705,0,82592,0,GNSS,42.33826604,71.08661752833333,33.151,0.62,671894.0527551326,4689443.225382961,225632.0,42,T,4
1676933793.3078415,0,82593,0,GNSS,42.33826601,71.08661750166667,33.147,0.62,671894.0506400042,4689443.221997781,225633.0,42,T,4
1676933794.187132,0,82594,0,GNSS,42.33826600166667,71.08661752,33.153,0.62,671894.0521730629,4689443.22110949,225634.0,42,T,4
1676933795.1995256,0,82595,0,GNSS,42.33826599,71.08661750833333,33.151,0.62,671894.051243722,4689443.219790412,225635.0,42,T,4
1676933796.1692195,0,82596,0,GNSS,42.33826602166667,71.08661753333334,33.154,0.62,671894.0532170007,4689443.223357293,225636.0,42,T,4
1676933797.1718779,0,82597,0,GNSS,42.33826602,71.08661753333334,33.152,0.62,671894.0532215422,4689443.223172222,225637.0,42,T,4
1676933798.1685193,0,82598,0,GNSS,42.338266006666665,71.08661751,33.15,0.62,671894.0513356118,4689443.221644486,225638.0,42,T,4
1676933799.1749814,0,82599,0,GNSS,42.338266025,71.08661751666666,33.152,0.62,671894.0518348725,4689443.223693742,225639.0,42,T,4
1676933800.1501906,0,82600,0,GNSS,42.33826602833334,71.08661752166667,33.15,0.62,671894.052237704,4689443.224073989,225640.0,42,T,4
1676933801.1916978,0,82601,0,GNSS,42.33826603,71.08661754,33.154,0.62,671894.0537435142,4689443.224296124,225641.0,42,T,4
1676933802.1773217,0,82602,0,GNSS,42.338266016666665,71.08661753833333,33.148,0.62,671894.0536425394,4689443.222812189,225642.0,42,T,4
1676933803.1963232,0,82603,0,GNSS,42.33826603666667,71.08661755666667,33.151,0.62,671894.0550983937,4689443.225070099,225643.0,42,T,4
1676933804.1746044,0,82604,0,GNSS,42.338266026666666,71.08661754,33.152,0.62,671894.053752597,4689443.223925982,225644.0,42,T,4
1676933805.1913316,0,82605,0,GNSS,42.33826603333333,71.0866175,33.147,0.62,671894.05043912,4689443.2245854,225645.0,42,T,4
1676933806.170667,0,82606,0,GNSS,42.338266015,71.08661752333333,33.149,0.62,671894.0524113396,4689443.222596794,225646.0,42,T,4
1676933807.195354,0,82607,0,GNSS,42.338265995,71.08661749833334,33.151,0.62,671894.0504062688,4689443.220325408,225647.0,42,T,4
1676933808.18088,0,82608,0,GNSS,42.33826606666667,71.08661752,33.15,0.62,671894.051995947,4689443.228327245,225648.0,42,T,4
1676933809.1745858,0,82609,0,GNSS,42.33826605,71.08661750833333,33.151,0.62,671894.0510802305,4689443.226452954,225649.0,42,T,4
1676933810.1850731,0,82610,0,GNSS,42.33826602,71.08661752333333,33.15,0.62,671894.0523977154,4689443.223152006,225650.0,42,T,4
1676933811.162419,0,82611,0,GNSS,42.33826603166667,71.08661752666667,33.151,0.62,671894.0526405356,4689443.22445424,225651.0,42,T,4
1676933812.2027602,0,82612,0,GNSS,42.338266045,71.08661750833333,33.142,0.62,671894.0510938547,4689443.225897742,225652.0,42,T,4
1676933813.2002676,0,82613,0,GNSS,42.338266041666664,71.08661752833333,33.147,0.62,671894.0527505912,4689443.225568032,225653.0,42,T,4
1676933814.1729162,0,82614,0,GNSS,42.33826603833333,71.08661752,33.144,0.62,671894.0520731513,4689443.225181044,225654.0,42,T,4
1676933815.1800416,0,82615,0,GNSS,42.338266045,71.08661751166666,33.148,0.62,671894.051368463,4689443.225904481,225655.0,42,T,4
1676933816.184812,0,82616,0,GNSS,42.338266035,71.08661748,33.146,0.62,671894.0487869252,4689443.224730039,225656.0,42,T,4
1676933817.1846442,0,82617,0,GNSS,42.33826607,71.08661749666666,33.144,0.62,671894.0500646003,4689443.228650217,225657.0,42,T,4
1676933818.2036867,0,82618,0,GNSS,42.33826603,71.08661748,33.146,0.62,671894.0488005495,4689443.224174828,225658.0,42,T,4
1676933819.1915753,0,82619,0,GNSS,42.338266043333334,71.086617505,33.144,0.62,671894.050823788,4689443.225705933,225659.0,42,T,4
1676933820.132564,0,82620,0,GNSS,42.33826604833333,71.0866175,33.138,0.62,671894.0503982472,4689443.226251038,225700.0,42,T,4
1676933821.207959,0,82621,0,GNSS,42.33826606,71.08661751333334,33.143,0.62,671894.0514648943,4689443.227573486,225701.0,42,T,4
1676933822.2032511,0,82622,0,GNSS,42.33826605666667,71.08661749666666,33.144,0.62,671894.0501009318,4689443.227169652,225702.0,42,T,4
1676933823.1956186,0,82623,0,GNSS,42.338266041666664,71.0866175,33.147,0.62,671894.050416413,4689443.225510755,225703.0,42,T,4
1676933824.1812541,0,82624,0,GNSS,42.338266041666664,71.08661751666666,33.138,0.62,671894.0517894583,4689443.225544447,225704.0,42,T,4
1676933825.1834254,0,82625,0,GNSS,42.33826602833334,71.08661749833334,33.141,0.62,671894.0503154402,4689443.224026819,225705.0,42,T,4
1676933826.204736,0,82626,0,GNSS,42.338266053333335,71.0866175,33.141,0.62,671894.0503846229,4689443.226806249,225706.0,42,T,4
1676933827.1894155,0,82627,0,GNSS,42.338266071666666,71.08661755833333,33.14,0.62,671894.0551403279,4689443.228959952,225707.0,42,T,4
1676933828.1636517,0,82628,0,GNSS,42.33826605,71.086617505,33.145,0.62,671894.0508056222,4689443.226446216,225708.0,42,T,4
1676933829.1930666,0,82629,0,GNSS,42.33826605833333,71.08661750833333,33.143,0.62,671894.0510575233,4689443.227378307,225709.0,42,T,4
1676933830.1555157,0,82630,0,GNSS,42.338266055,71.08661749,33.143,0.62,671894.0495562546,4689443.226971103,225710.0,42,T,4
1676933831.1693683,0,82631,0,GNSS,42.33826602,71.086617475,33.143,0.62,671894.0484158857,4689443.223054296,225711.0,42,T,4
1676933832.1525018,0,82632,0,GNSS,42.33826602333333,71.08661747166667,33.137,0.62,671894.0481321925,4689443.223417699,225712.0,42,T,4
1676933833.1698058,0,82633,0,GNSS,42.338266078333334,71.08661749833334,33.137,0.62,671894.0501791973,4689443.229578939,225713.0,42,T,4
1676933834.1474335,0,82634,0,GNSS,42.33826605833333,71.08661751,33.135,0.62,671894.0511948275,4689443.227381677,225714.0,42,T,4
1676933835.1548307,0,82635,0,GNSS,42.33826608,71.08661751,33.137,0.62,671894.0511357889,4689443.229787594,225715.0,42,T,4
1676933836.374593,0,82636,0,GNSS,42.33826607,71.08661750333333,33.144,0.62,671894.0506138168,4689443.228663694,225716.0,42,T,4
1676933837.183728,0,82637,0,GNSS,42.338266078333334,71.08661750666667,33.138,0.62,671894.050865722,4689443.229595786,225717.0,42,T,4
1676933838.1838193,0,82638,0,GNSS,42.33826609,71.08661748833333,33.142,0.62,671894.0493235806,4689443.230854217,225718.0,42,T,4
1676933839.2256718,0,82639,0,GNSS,42.338266053333335,71.086617525,33.139,0.62,671894.0524441929,4689443.226856788,225719.0,42,T,4
1676933840.1810212,0,82640,0,GNSS,42.33826603833333,71.08661750666667,33.143,0.62,671894.0509747164,4689443.22515409,225720.0,42,T,4
1676933841.8608494,0,82641,0,GNSS,42.33826607666666,71.08661752,33.14,0.62,671894.0519686985,4689443.22943767,225721.0,42,T,4
1676933842.715025,0,82642,0,GNSS,42.338266063333336,71.08661751666666,33.142,0.62,671894.0517304196,4689443.227950366,225722.0,42,T,4
1676933843.438546,0,82643,0,GNSS,42.33826606666667,71.08661750666667,33.138,0.62,671894.0508975121,4689443.22830029,225723.0,42,T,4
1676933844.1789203,0,82644,0,GNSS,42.338266075,71.08661753666667,33.143,0.62,671894.0533462852,4689443.229286291,225724.0,42,T,4
1676933845.1697001,0,82645,0,GNSS,42.33826608,71.08661754166667,33.14,0.62,671894.0537445754,4689443.229851611,225725.0,42,T,4
1676933846.1873016,0,82646,0,GNSS,42.338266078333334,71.08661754333333,33.14,0.62,671894.0538864209,4689443.22966991,225726.0,42,T,4
1676933847.1763017,0,82647,0,GNSS,42.338266053333335,71.08661754,33.143,0.62,671894.0536799341,4689443.226887112,225727.0,42,T,4
1676933848.4433734,0,82648,0,GNSS,42.33826605,71.08661753,33.144,0.62,671894.0528651882,4689443.226496755,225728.0,42,T,4
1676933849.208807,0,82649,0,GNSS,42.33826605,71.08661752833333,33.143,0.62,671894.052727884,4689443.226493387,225729.0,42,T,4
1676933850.285689,0,82650,0,GNSS,42.338266063333336,71.08661752166667,33.145,0.62,671894.052142334,4689443.227960473,225730.0,42,T,4
1676933851.4618628,0,82651,0,GNSS,42.33826606833333,71.08661751666666,33.146,0.62,671894.0517167954,4689443.228505577,225731.0,42,T,4
1676933852.1631148,0,82652,0,GNSS,42.338266071666666,71.08661751833333,33.146,0.61,671894.0518450167,4689443.228879089,225732.0,42,T,4
1676933853.174368,0,82653,0,GNSS,42.338266041666664,71.08661753166666,33.148,0.61,671894.0530251994,4689443.225574771,225733.0,42,T,4
1676933854.246149,0,82654,0,GNSS,42.33826604666667,71.08661753,33.149,0.61,671894.0528742711,4689443.226126614,225734.0,42,T,4
1676933855.2242706,0,82655,0,GNSS,42.338266055,71.086617525,33.15,0.61,671894.0524396516,4689443.227041859,225735.0,42,T,4
1676933856.3308,0,82656,0,GNSS,42.338266018333336,71.08661753833333,33.154,0.61,671894.053637998,4689443.22299726,225736.0,42,T,4
1676933857.1738296,0,82657,0,GNSS,42.338266045,71.08661752,33.149,0.61,671894.0520549857,4689443.225921326,225737.0,42,T,4
1676933858.195699,0,82658,0,GNSS,42.33826601166667,71.08661750333333,33.152,0.61,671894.0507727669,4689443.222186222,225738.0,42,T,4
1676933859.4826345,0,82659,0,GNSS,42.338266055,71.08661753333334,33.148,0.61,671894.0531261722,4689443.227058706,225739.0,42,T,4
1676933860.4154046,0,82660,0,GNSS,42.33826604666667,71.08661752,33.147,0.61,671894.0520504443,4689443.226106399,225740.0,42,T,4
1676933861.3932948,0,82661,0,GNSS,42.33826604666667,71.08661753333334,33.146,0.61,671894.0531488792,4689443.226133352,225741.0,42,T,4
1676933862.1933408,0,82662,0,GNSS,42.33826602333333,71.08661752833333,33.152,0.61,671894.0528005469,4689443.223532256,225742.0,42,T,4
1676933863.13716,0,82663,0,GNSS,42.33826603333333,71.08661755833333,33.148,0.61,671894.0552447807,4689443.224703327,225743.0,42,T,4
1676933864.157296,0,82664,0,GNSS,42.338266025,71.08661755833333,33.144,0.61,671894.0552674879,4689443.223777975,225744.0,42,T,4
1676933865.170818,0,82665,0,GNSS,42.338266041666664,71.08661757666667,33.15,0.61,671894.056732423,4689443.225665742,225745.0,42,T,4
1676933866.1650834,0,82666,0,GNSS,42.338266053333335,71.086617565,33.15,0.61,671894.0557395001,4689443.226937652,225746.0,42,T,4
1676933867.2325065,0,82667,0,GNSS,42.338266051666665,71.08661757666667,33.146,0.61,671894.0567051744,4689443.226776166,225747.0,42,T,4
1676933868.1928456,0,82668,0,GNSS,42.338266041666664,71.08661756333333,33.153,0.61,671894.0556339859,4689443.225638788,225748.0,42,T,4
1676933869.1986725,0,82669,0,GNSS,42.33826604833333,71.08661759833333,33.154,0.61,671894.0584992149,4689443.226449826,225749.0,42,T,4
1676933870.1979113,0,82670,0,GNSS,42.33826603666667,71.08661759333333,33.152,0.61,671894.0581190926,4689443.225144223,225750.0,42,T,4
1676933871.192539,0,82671,0,GNSS,42.33826603833333,71.08661756833334,33.155,0.61,671894.0560549832,4689443.225278754,225751.0,42,T,4
1676933872.2180774,0,82672,0,GNSS,42.33826603,71.08661759,33.153,0.61,671894.0578626501,4689443.224397202,225752.0,42,T,4
1676933873.1800187,0,82673,0,GNSS,42.33826607666666,71.08661758833334,33.154,0.61,671894.057598186,4689443.22957581,225753.0,42,T,4
1676933874.1881216,0,82674,0,GNSS,42.33826607333334,71.08661759166667,33.151,0.61,671894.0578818771,4689443.229212408,225754.0,42,T,4
1676933875.2092319,0,82675,0,GNSS,42.338266061666666,71.08661757333333,33.15,0.61,671894.0564033155,4689443.22787985,225755.0,42,T,4
1676933876.1610515,0,82676,0,GNSS,42.33826605666667,71.086617575,33.153,0.61,671894.056554246,4689443.227328009,225756.0,42,T,4
1676933877.1948423,0,82677,0,GNSS,42.33826603833333,71.086617555,33.153,0.61,671894.0549565481,4689443.225251799,225757.0,42,T,4
1676933878.1703994,0,82678,0,GNSS,42.338266051666665,71.08661757166666,33.151,0.61,671894.05629326,4689443.226766057,225758.0,42,T,4
1676933879.1419768,0,82679,0,GNSS,42.338266041666664,71.08661755,33.15,0.61,671894.0545355489,4689443.225611833,225759.0,42,T,4
1676933880.1974704,0,82680,0,GNSS,42.338266041666664,71.08661757666667,33.145,0.61,671894.056732423,4689443.225665742,225800.0,42,T,4
1676933881.1939054,0,82681,0,GNSS,42.338266063333336,71.086617565,33.146,0.61,671894.0557122515,4689443.228048076,225801.0,42,T,4
1676933882.1638963,0,82682,0,GNSS,42.338266063333336,71.08661756,33.146,0.61,671894.0553003391,4689443.228037967,225802.0,42,T,4
1676933883.2202945,0,82683,0,GNSS,42.338266063333336,71.08661757166666,33.151,0.61,671894.05626147,4689443.228061553,225803.0,42,T,4
1676933884.1920135,0,82684,0,GNSS,42.33826606666667,71.08661758166667,33.148,0.61,671894.0570762139,4689443.2284519095,225804.0,42,T,4
1676933885.199923,0,82685,0,GNSS,42.338266055,71.08661753166666,33.151,0.61,671894.052988868,4689443.227055335,225805.0,42,T,4
1676933886.2395267,0,82686,0,GNSS,42.33826604,71.086617525,33.141,0.61,671894.0524805244,4689443.225376222,225806.0,42,T,4
1676933887.2162662,0,82687,0,GNSS,42.338266041666664,71.08661753833333,33.15,0.61,671894.053574418,4689443.225588249,225807.0,42,T,4
1676933888.17543,0,82688,0,GNSS,42.338266055,71.08661755166666,33.148,0.61,671894.0546365215,4689443.227095768,225808.0,42,T,4
1676933889.205566,0,82689,0,GNSS,42.338266041666664,71.086617565,33.15,0.61,671894.0557712901,4689443.225642157,225809.0,42,T,4
1676933890.1569715,0,82690,0,GNSS,42.338266045,71.086617555,33.149,0.61,671894.0549383825,4689443.225992083,225810.0,42,T,4
1676933891.1755166,0,82691,0,GNSS,42.338266063333336,71.08661755,33.151,0.61,671894.0544765103,4689443.228017752,225811.0,42,T,4
1676933892.2115479,0,82692,0,GNSS,42.33826605666667,71.08661754,33.151,0.61,671894.0536708513,4689443.227257254,225812.0,42,T,4
1676933893.2549489,0,82693,0,GNSS,42.338266041666664,71.08661752833333,33.152,0.61,671894.0527505912,4689443.225568032,225813.0,42,T,4
1676933894.183415,0,82694,0,GNSS,42.338266053333335,71.086617555,33.149,0.61,671894.0549156753,4689443.226917435,225814.0,42,T,4
1676933895.1767418,0,82695,0,GNSS,42.338266041666664,71.08661756,33.149,0.61,671894.0553593778,4689443.225632049,225815.0,42,T,4
1676933896.3234339,0,82696,0,GNSS,42.33826605,71.08661756833334,33.147,0.61,671894.0560231933,4689443.22657425,225816.0,42,T,4
1676933897.2012744,0,82697,0,GNSS,42.33826603333333,71.08661754666667,33.148,0.61,671894.0542836478,4689443.224679741,225817.0,42,T,4
1676933898.18665,0,82698,0,GNSS,42.338266045,71.08661751166666,33.149,0.61,671894.051368463,4689443.225904481,225818.0,42,T,4
1676933899.176953,0,82699,0,GNSS,42.33826605833333,71.086617555,33.146,0.61,671894.0549020511,4689443.227472648,225819.0,42,T,4
1676933900.1953304,0,82700,0,GNSS,42.33826605,71.08661752166667,33.145,0.61,671894.0521786655,4689443.226479908,225820.0,42,T,4
1676933901.2176704,0,82701,0,GNSS,42.338266053333335,71.08661756666666,33.148,0.61,671894.055876804,4689443.22694102,225821.0,42,T,4
1676933902.182588,0,82702,0,GNSS,42.33826605,71.086617555,33.148,0.61,671894.0549247582,4689443.226547294,225822.0,42,T,4
1676933903.2534807,0,82703,0,GNSS,42.33826605,71.08661755,33.148,0.61,671894.0545128417,4689443.226537187,225823.0,42,T,4
1676933904.1794226,0,82704,0,GNSS,42.338266043333334,71.08661754833334,33.147,0.61,671894.0543937034,4689443.225793534,225824.0,42,T,4
1676933905.1920114,0,82705,0,GNSS,42.33826601333333,71.08661752833333,33.148,0.61,671894.0528277955,4689443.222421831,225825.0,42,T,4
1676933906.1577723,0,82706,0,GNSS,42.33826599166667,71.08661750666667,33.154,0.61,671894.0511018764,4689443.219972113,225826.0,42,T,4
1676933907.1717637,0,82707,0,GNSS,42.338266041666664,71.08661754,33.153,0.61,671894.0537117242,4689443.225591618,225827.0,42,T,4
1676933908.1937978,0,82708,0,GNSS,42.33826605666667,71.086617535,33.151,0.61,671894.0532589369,4689443.227247146,225828.0,42,T,4
1676933909.1835763,0,82709,0,GNSS,42.33826607666666,71.08661754,33.148,0.61,671894.0536163541,4689443.2294781,225829.0,42,T,4
1676933910.183376,0,82710,0,GNSS,42.33826606,71.08661754333333,33.146,0.61,671894.0539363767,4689443.227634133,225830.0,42,T,4
1676933911.2013674,0,82711,0,GNSS,42.33826606833333,71.08661754333333,33.148,0.61,671894.0539136695,4689443.228559486,225831.0,42,T,4
1676933912.1789706,0,82712,0,GNSS,42.338266051666665,71.08661754333333,33.147,0.61,671894.0539590837,4689443.22670878,225832.0,42,T,4
1676933913.20654,0,82713,0,GNSS,42.338266061666666,71.08661756,33.145,0.61,671894.0553048805,4689443.227852896,225833.0,42,T,4
1676933914.1656826,0,82714,0,GNSS,42.338266065,71.08661754,33.146,0.61,671894.0536481441,4689443.228182606,225834.0,42,T,4
1676933915.1966681,0,82715,0,GNSS,42.33826606833333,71.08661756,33.148,0.61,671894.0552867148,4689443.228593179,225835.0,42,T,4
1676933916.185266,0,82716,0,GNSS,42.33826605833333,71.08661756333333,33.148,0.61,671894.0555885716,4689443.227489495,225836.0,42,T,4
1676933917.3000937,0,82717,0,GNSS,42.338266071666666,71.086617545,33.143,0.61,671894.0540418908,4689443.228932997,225837.0,42,T,4
1676933918.1671977,0,82718,0,GNSS,42.338266065,71.08661755,33.145,0.61,671894.0544719688,4689443.228202822,225838.0,42,T,4
1676933919.167425,0,82719,0,GNSS,42.33826606666667,71.08661754166667,33.145,0.61,671894.0537809068,4689443.2283710465,225839.0,42,T,4
1676933920.180383,0,82720,0,GNSS,42.338266071666666,71.08661752666667,33.147,0.61,671894.0525315413,4689443.228895934,225840.0,42,T,4
1676933921.1815825,0,82721,0,GNSS,42.33826604833333,71.08661753166666,33.15,0.61,671894.0530070337,4689443.226315054,225841.0,42,T,4
1676933922.1925938,0,82722,0,GNSS,42.338266065,71.08661753333334,33.151,0.61,671894.0530989235,4689443.228169129,225842.0,42,T,4
1676933923.2083967,0,82723,0,GNSS,42.33826605833333,71.08661753166666,33.147,0.61,671894.0529797851,4689443.2274254775,225843.0,42,T,4
1676933924.2103398,0,82724,0,GNSS,42.338266071666666,71.08661753,33.149,0.61,671894.0528061496,4689443.228902673,225844.0,42,T,4
1676933925.2044592,0,82725,0,GNSS,42.33826605666667,71.08661752666667,33.152,0.61,671894.0525724142,4689443.227230299,225845.0,42,T,4
1676933926.1518273,0,82726,0,GNSS,42.33826605666667,71.086617535,33.154,0.61,671894.0532589369,4689443.227247146,225846.0,42,T,4
1676933927.172122,0,82727,0,GNSS,42.33826604666667,71.08661753666667,33.147,0.87,671894.0534234896,4689443.226140091,225847.0,42,T,4
1676933928.2252629,0,82728,0,GNSS,42.338266045,71.08661752833333,33.147,0.87,671894.0527415083,4689443.225938173,225848.0,42,T,4
1676933929.1996365,0,82729,0,GNSS,42.338266045,71.08661753333334,33.138,0.72,671894.0531534207,4689443.225948282,225849.0,42,T,4
1676933930.1734922,0,82730,0,GNSS,42.338266015,71.08661751666666,33.134,0.72,671894.0518621211,4689443.222583318,225850.0,42,T,4
1676933931.195561,0,82731,0,GNSS,42.338266006666665,71.08661753666667,33.143,0.72,671894.0535324839,4689443.221698396,225851.0,42,T,4
1676933932.1744394,0,82732,0,GNSS,42.338265973333336,71.08661748666667,33.137,0.72,671894.0495041766,4689443.217895903,225852.0,42,T,4
1676933933.1643138,0,82733,0,GNSS,42.33826607,71.08661754166667,33.15,0.61,671894.0537718239,4689443.2287411885,225853.0,42,T,4
1676933934.1935587,0,82734,0,GNSS,42.33826607666666,71.08661756666666,33.149,0.61,671894.0558132242,4689443.22953201,225854.0,42,T,4
1676933935.2279541,0,82735,0,GNSS,42.338266041666664,71.08661752833333,33.149,0.61,671894.0527505912,4689443.225568032,225855.0,42,T,4
1676933936.2294228,0,82736,0,GNSS,42.33826607666666,71.08661755833333,33.153,0.61,671894.0551267036,4689443.229515163,225856.0,42,T,4
1676933937.2110147,0,82737,0,GNSS,42.33826605833333,71.08661755833333,33.152,0.61,671894.0551766593,4689443.227479387,225857.0,42,T,4
1676933938.206491,0,82738,0,GNSS,42.33826607666666,71.086617565,33.154,0.61,671894.05567592,4689443.229528639,225858.0,42,T,4
1676933939.2519178,0,82739,0,GNSS,42.33826605,71.08661755333334,33.15,0.61,671894.054787452,4689443.226543926,225859.0,42,T,4
1676933940.200094,0,82740,0,GNSS,42.33826606833333,71.08661756166667,33.16,0.61,671894.0554240189,4689443.228596549,225900.0,42,T,4
1676933941.1935687,0,82741,0,GNSS,42.338266051666665,71.08661757166666,33.157,0.61,671894.05629326,4689443.226766057,225901.0,42,T,4
1676933942.174184,0,82742,0,GNSS,42.338266006666665,71.08661758,33.169,0.61,671894.0571024013,4689443.221785997,225902.0,42,T,4
1676933943.165567,0,82743,0,GNSS,42.338266051666665,71.08661755833333,33.152,0.61,671894.0551948249,4689443.226739104,225903.0,42,T,4
1676933944.1753864,0,82744,0,GNSS,42.33826606833333,71.08661756333333,33.156,0.61,671894.0555613231,4689443.228599918,225904.0,42,T,4
1676933945.185797,0,82745,0,GNSS,42.33826604666667,71.086617555,33.157,0.61,671894.0549338411,4689443.226177154,225905.0,42,T,4
1676933946.1772106,0,82746,0,GNSS,42.338266078333334,71.08661757833333,33.154,0.61,671894.0567698156,4689443.229740665,225906.0,42,T,4
1676933947.1916366,0,82747,0,GNSS,42.338266088333334,71.08661755333334,33.154,0.61,671894.0546829992,4689443.23080055,225907.0,42,T,4
1676933948.2333333,0,82748,0,GNSS,42.338266063333336,71.08661752833333,33.152,0.61,671894.0526915526,4689443.22797395,225908.0,42,T,4
1676933949.227331,0,82749,0,GNSS,42.33826606,71.08661753,33.158,0.61,671894.0528379396,4689443.2276071785,225909.0,42,T,4
1676933950.1563208,0,82750,0,GNSS,42.33826606,71.08661752666667,33.163,0.61,671894.0525633313,4689443.22760044,225910.0,42,T,4
1676933951.1872094,0,82751,0,GNSS,42.33826606666667,71.08661756166667,33.151,0.61,671894.0554285604,4689443.228411477,225911.0,42,T,4
1676933952.2071726,0,82752,0,GNSS,42.33826605833333,71.08661752833333,33.156,0.61,671894.0527051769,4689443.227418739,225912.0,42,T,4
1676933953.204744,0,82753,0,GNSS,42.338266061666666,71.08661755,33.155,0.61,671894.0544810516,4689443.22783268,225913.0,42,T,4
1676933954.195017,0,82754,0,GNSS,42.338266063333336,71.08661754,33.159,0.61,671894.0536526856,4689443.227997536,225914.0,42,T,4
1676933955.1845603,0,82755,0,GNSS,42.33826605666667,71.08661756,33.159,0.61,671894.0553185048,4689443.227297685,225915.0,42,T,4
1676933956.1951408,0,82756,0,GNSS,42.33826605833333,71.08661754166667,33.161,0.61,671894.053803614,4689443.227445694,225916.0,42,T,4
1676933957.1745353,0,82757,0,GNSS,42.33826606,71.08661753166666,33.154,0.61,671894.0529752437,4689443.227610549,225917.0,42,T,4
1676933958.1758935,0,82758,0,GNSS,42.33826607333334,71.08661755666667,33.154,0.61,671894.0549984823,4689443.2291416535,225918.0,42,T,4
1676933959.1731331,0,82759,0,GNSS,42.338266041666664,71.08661757833333,33.157,0.61,671894.0568697271,4689443.225669112,225919.0,42,T,4
1676933960.1798925,0,82760,0,GNSS,42.33826607666666,71.08661757,33.155,0.61,671894.0560878344,4689443.229538748,225920.0,42,T,4
1676933961.1948438,0,82761,0,GNSS,42.33826608,71.08661758666666,33.16,0.61,671894.057451797,4689443.229942583,225921.0,42,T,4
1676933962.1620073,0,82762,0,GNSS,42.33826606833333,71.086617565,33.158,0.61,671894.0556986271,4689443.228603287,225922.0,42,T,4
1676933963.275457,0,82763,0,GNSS,42.338266061666666,71.086617565,33.151,0.61,671894.0557167928,4689443.2278630035,225923.0,42,T,4
1676933964.2026768,0,82764,0,GNSS,42.338266051666665,71.08661756333333,33.156,0.61,671894.0556067373,4689443.226749212,225924.0,42,T,4
1676933965.1716113,0,82765,0,GNSS,42.338266053333335,71.08661754666667,33.156,0.61,671894.0542291506,4689443.22690059,225925.0,42,T,4
1676933966.182577,0,82766,0,GNSS,42.338266053333335,71.08661757333333,33.158,0.61,671894.0564260227,4689443.226954498,225926.0,42,T,4
1676933967.1933334,0,82767,0,GNSS,42.338266065,71.08661757666667,33.159,0.61,671894.0566688429,4689443.228256731,225927.0,42,T,4
1676933968.1995564,0,82768,0,GNSS,42.338266055,71.08661757333333,33.157,0.61,671894.0564214813,4689443.227139569,225928.0,42,T,4
1676933969.1888063,0,82769,0,GNSS,42.33826606833333,71.086617575,33.154,0.61,671894.056522456,4689443.228623502,225929.0,42,T,4
1676933970.1924517,0,82770,0,GNSS,42.33826605833333,71.08661754666667,33.161,0.61,671894.0542155263,4689443.227455801,225930.0,42,T,4
1676933971.2046962,0,82771,0,GNSS,42.33826609,71.08661756,33.156,0.61,671894.0552276762,4689443.230999097,225931.0,42,T,4
1676933972.181548,0,82772,0,GNSS,42.33826604833333,71.08661754,33.16,0.61,671894.0536935584,4689443.226331901,225932.0,42,T,4
1676933973.1744497,0,82773,0,GNSS,42.338266043333334,71.08661753666667,33.16,0.61,671894.0534325724,4689443.225769949,225933.0,42,T,4
1676933974.178197,0,82774,0,GNSS,42.33826603666667,71.08661752666667,33.164,0.61,671894.0526269113,4689443.225009452,225934.0,42,T,4
1676933975.2269816,0,82775,0,GNSS,42.33826603166667,71.086617515,33.158,0.61,671894.0516794027,4689443.224430655,225935.0,42,T,4
1676933976.2279806,0,82776,0,GNSS,42.33826606833333,71.08661758166667,33.161,0.61,671894.0570716724,4689443.22863698,225936.0,42,T,4
1676933977.1615667,0,82777,0,GNSS,42.33826606666667,71.086617575,33.162,0.61,671894.0565269974,4689443.228438432,225937.0,42,T,4
1676933978.1835356,0,82778,0,GNSS,42.33826606666667,71.086617585,33.163,0.61,671894.057350822,4689443.228458648,225938.0,42,T,4
1676933979.1952925,0,82779,0,GNSS,42.33826603833333,71.08661757333333,33.159,0.61,671894.0564668956,4689443.225288861,225939.0,42,T,4
1676933980.1486926,0,82780,0,GNSS,42.33826603666667,71.08661755166666,33.16,0.61,671894.0546864772,4689443.225059992,225940.0,42,T,4
1676933981.1948102,0,82781,0,GNSS,42.338266015,71.08661752666667,33.16,0.61,671894.05268595,4689443.222603533,225941.0,42,T,4
1676933982.2561793,0,82782,0,GNSS,42.338266018333336,71.08661754,33.155,0.61,671894.0537753042,4689443.223000629,225942.0,42,T,4
1676933983.23972,0,82783,0,GNSS,42.33826602166667,71.08661756166667,33.153,0.61,671894.055551179,4689443.223414572,225943.0,42,T,4
1676933984.1922407,0,82784,0,GNSS,42.338266043333334,71.08661757666667,33.159,0.61,671894.0567278815,4689443.225850813,225944.0,42,T,4
1676933985.1869297,0,82785,0,GNSS,42.33826602333333,71.08661754166667,33.159,0.61,671894.053898984,4689443.22355921,225945.0,42,T,4
1676933986.192955,0,82786,0,GNSS,42.338266006666665,71.08661755166666,33.158,0.61,671894.054768223,4689443.22172872,225946.0,42,T,4
1676933987.2521915,0,82787,0,GNSS,42.338266045,71.086617545,33.16,0.61,671894.0541145536,4689443.225971866,225947.0,42,T,4
1676933988.1979144,0,82788,0,GNSS,42.33826605,71.086617565,33.157,0.61,671894.0557485828,4689443.2265675105,225948.0,42,T,4
1676933989.2664025,0,82789,0,GNSS,42.338266025,71.08661753166666,33.163,0.61,671894.0530706138,4689443.223724066,225949.0,42,T,4
1676933990.1807559,0,82790,0,GNSS,42.33826604833333,71.08661754833334,33.167,0.61,671894.054380079,4689443.2263487475,225950.0,42,T,4
1676933991.2189429,0,82791,0,GNSS,42.338266053333335,71.08661755,33.165,0.61,671894.0545037588,4689443.226907328,225951.0,42,T,4
1676933992.1616883,0,82792,0,GNSS,42.338266065,71.08661752,33.163,0.61,671894.0520004885,4689443.228142175,225952.0,42,T,4
1676933993.1731453,0,82793,0,GNSS,42.33826604,71.08661753,33.163,0.61,671894.0528924367,4689443.22538633,225953.0,42,T,4
1676933994.1880496,0,82794,0,GNSS,42.33826605833333,71.08661756666666,33.162,0.61,671894.0558631798,4689443.227496234,225954.0,42,T,4
1676933995.194571,0,82795,0,GNSS,42.33826604,71.08661754166667,33.162,0.61,671894.0538535697,4689443.225409916,225955.0,42,T,4
1676933996.1724312,0,82796,0,GNSS,42.338266053333335,71.08661754833334,33.158,0.61,671894.0543664547,4689443.226903958,225956.0,42,T,4
1676933997.1801405,0,82797,0,GNSS,42.33826606666667,71.08661753333334,33.163,0.61,671894.053094382,4689443.2283542,225957.0,42,T,4
1676933998.166032,0,82798,0,GNSS,42.33826605,71.08661754666667,33.164,0.61,671894.0542382335,4689443.2265304485,225958.0,42,T,4
1676933999.233419,0,82799,0,GNSS,42.33826603333333,71.08661753833333,33.16,0.61,671894.0535971251,4689443.224662894,225959.0,42,T,4
1676934000.218449,0,82800,0,GNSS,42.33826607,71.08661754333333,33.164,0.61,671894.0539091281,4689443.228744557,230000.0,42,T,4
1676934001.208959,0,82801,0,GNSS,42.338266045,71.08661755,33.159,0.61,671894.054526466,4689443.225981974,230001.0,42,T,4
1676934002.1833007,0,82802,0,GNSS,42.338266065,71.08661756833334,33.165,0.64,671894.0559823203,4689443.228239885,230002.0,42,T,4
1676934003.2004004,0,82803,0,GNSS,42.338266045,71.08661756,33.163,0.64,671894.0553502948,4689443.22600219,230003.0,42,T,4
1676934004.1606681,0,82804,0,GNSS,42.33826603333333,71.08661755166666,33.163,0.64,671894.0546955601,4689443.22468985,230004.0,42,T,4
1676934005.2458441,0,82805,0,GNSS,42.338266065,71.086617595,33.159,0.64,671894.0581791924,4689443.228293793,230005.0,42,T,4
1676934006.1655638,0,82806,0,GNSS,42.33826608,71.08661758666666,33.16,0.64,671894.057451797,4689443.229942583,230006.0,42,T,4
1676934007.1915896,0,82807,0,GNSS,42.33826605666667,71.08661757333333,33.157,0.64,671894.0564169398,4689443.227324639,230007.0,42,T,4
1676934008.143302,0,82808,0,GNSS,42.33826603666667,71.086617525,33.16,0.64,671894.0524896072,4689443.225006083,230008.0,42,T,4
1676934009.2129877,0,82809,0,GNSS,42.338266045,71.08661753666667,33.164,0.61,671894.053428031,4689443.22595502,230009.0,42,T,4
1676934010.2251372,0,82810,0,GNSS,42.33826603333333,71.086617545,33.163,0.61,671894.0541463436,4689443.224676372,230010.0,42,T,4
1676934011.2032225,0,82811,0,GNSS,42.33826602333333,71.08661755833333,33.164,0.61,671894.0552720294,4689443.223592903,230011.0,42,T,4
1676934012.1880183,0,82812,0,GNSS,42.33826603166667,71.086617535,33.156,0.61,671894.0533270583,4689443.224471087,230012.0,42,T,4
1676934013.180145,0,82813,0,GNSS,42.33826600333333,71.08661752833333,33.157,0.61,671894.0528550441,4689443.221311407,230013.0,42,T,4
1676934014.1840124,0,82814,0,GNSS,42.33826606,71.08661755666667,33.16,0.61,671894.0550348137,4689443.227661088,230014.0,42,T,4
1676934015.204162,0,82815,0,GNSS,42.338266051666665,71.08661755166666,33.16,0.61,671894.0546456043,4689443.226725627,230015.0,42,T,4
1676934016.1989934,0,82816,0,GNSS,42.33826605833333,71.08661755833333,33.165,0.61,671894.0551766593,4689443.227479387,230016.0,42,T,4
1676934017.1858046,0,82817,0,GNSS,42.33826603833333,71.086617535,33.161,0.61,671894.0533088925,4689443.225211367,230017.0,42,T,4
1676934018.1823492,0,82818,0,GNSS,42.33826603833333,71.08661754666667,33.161,0.61,671894.0542700235,4689443.225234953,230018.0,42,T,4
1676934019.208926,0,82819,0,GNSS,42.338266043333334,71.08661752833333,33.159,0.61,671894.0527460497,4689443.225753103,230019.0,42,T,4
1676934020.1502602,0,82820,0,GNSS,42.338266035,71.086617555,33.159,0.61,671894.0549656311,4689443.224881658,230020.0,42,T,4
1676934021.2046998,0,82821,0,GNSS,42.33826605,71.08661755666667,33.155,0.61,671894.0550620623,4689443.226550664,230021.0,42,T,4
1676934022.1967082,0,82822,0,GNSS,42.33826607,71.08661750166667,33.166,0.61,671894.0504765126,4689443.2286603255,230022.0,42,T,4
1676934023.213263,0,82823,0,GNSS,42.33826601166667,71.08661749333334,33.161,0.61,671894.0499489423,4689443.222166006,230023.0,42,T,4
1676934024.1806576,0,82824,0,GNSS,42.338266065,71.08661755333334,33.161,0.61,671894.0547465791,4689443.228209561,230024.0,42,T,4
1676934025.1980171,0,82825,0,GNSS,42.338266045,71.08661751666666,33.162,0.61,671894.0517803754,4689443.225914588,230025.0,42,T,4
1676934026.1770535,0,82826,0,GNSS,42.33826603833333,71.08661753166666,33.155,0.61,671894.0530342823,4689443.225204629,230026.0,42,T,4
1676934027.1893992,0,82827,0,GNSS,42.338266055,71.086617525,33.155,0.61,671894.0524396516,4689443.227041859,230027.0,42,T,4
1676934028.2086654,0,82828,0,GNSS,42.33826606666667,71.08661752666667,33.155,0.61,671894.0525451656,4689443.228340723,230028.0,42,T,4
1676934029.2354908,0,82829,0,GNSS,42.338266065,71.08661754833334,33.162,0.61,671894.0543346647,4689443.228199453,230029.0,42,T,4
1676934030.2389343,0,82830,0,GNSS,42.33826605,71.08661757166666,33.16,0.61,671894.0562978014,4689443.226580988,230030.0,42,T,4
1676934031.1922746,0,82831,0,GNSS,42.33826608166667,71.08661756666666,33.163,0.61,671894.0557995999,4689443.230087222,230031.0,42,T,4
1676934032.2088661,0,82832,0,GNSS,42.338266055,71.08661759,33.162,0.61,671894.0577945287,4689443.227173262,230032.0,42,T,4
1676934033.1949623,0,82833,0,GNSS,42.338266035,71.08661754666667,33.159,0.61,671894.0542791063,4689443.224864812,230033.0,42,T,4
1676934034.1653118,0,82834,0,GNSS,42.33826603,71.08661752666667,33.162,0.61,671894.0526450771,4689443.224269168,230034.0,42,T,4
1676934035.210643,0,82835,0,GNSS,42.33826604666667,71.08661752833333,33.156,0.61,671894.0527369669,4689443.226123245,230035.0,42,T,4
1676934036.196948,0,82836,0,GNSS,42.33826604833333,71.08661752666667,33.156,0.61,671894.0525951213,4689443.2263049465,230036.0,42,T,4
1676934037.1867077,0,82837,0,GNSS,42.33826602166667,71.08661756,33.163,0.63,671894.0554138748,4689443.223411202,230037.0,42,T,4
1676934038.1796165,0,82838,0,GNSS,42.338266005,71.08661754,33.164,0.63,671894.0538116356,4689443.221520065,230038.0,42,T,4
1676934039.2087104,0,82839,0,GNSS,42.33826603666667,71.08661755833333,33.17,0.77,671894.0552356979,4689443.225073469,230039.0,42,T,4
1676934040.1725664,0,82840,0,GNSS,42.33826603,71.086617505,33.162,0.77,671894.0508601195,4689443.224225367,230040.0,42,T,4
1676934041.1913762,0,82841,0,GNSS,42.338266026666666,71.086617535,33.158,0.61,671894.0533406826,4689443.223915873,230041.0,42,T,4
1676934042.1737401,0,82842,0,GNSS,42.338266026666666,71.08661755333334,33.155,0.61,671894.0548510321,4689443.223952935,230042.0,42,T,4
1676934043.1754413,0,82843,0,GNSS,42.338266053333335,71.08661757666667,33.157,0.61,671894.056700633,4689443.226961237,230043.0,42,T,4
1676934044.1941133,0,82844,0,GNSS,42.338266008333335,71.08661754166667,33.159,0.61,671894.0539398568,4689443.221893574,230044.0,42,T,4
1676934045.1756008,0,82845,0,GNSS,42.338265996666664,71.08661754333333,33.158,0.61,671894.054108951,4689443.220601449,230045.0,42,T,4
1676934046.1644359,0,82846,0,GNSS,42.33826594833333,71.086617515,33.19,0.79,671894.0519064742,4689443.215177122,230046.0,42,T,4
1676934047.2100735,0,82847,0,GNSS,42.338265985,71.08661757833333,33.17,0.68,671894.0570241357,4689443.21937671,230047.0,42,T,4
1676934048.1958394,0,82848,0,GNSS,42.33826595,71.08661756166667,33.173,0.68,671894.0557464604,4689443.215456533,230048.0,42,T,4
1676934049.224459,0,82849,0,GNSS,42.33826597666667,71.08661753666667,33.166,0.61,671894.0536142295,4689443.218367125,230049.0,42,T,4
1676934050.1928916,0,82850,0,GNSS,42.338265973333336,71.086617495,33.159,0.61,671894.0501906992,4689443.217912748,230050.0,42,T,4
1676934051.202609,0,82851,0,GNSS,42.338266005,71.0866175,33.162,0.6,671894.0505163244,4689443.221439201,230051.0,42,T,4
1676934052.1457412,0,82852,0,GNSS,42.338265973333336,71.08661751166666,33.161,0.6,671894.0515637444,4689443.217946443,230052.0,42,T,4
1676934053.2046087,0,82853,0,GNSS,42.338266015,71.08661750166667,33.162,0.59,671894.0506263799,4689443.222552994,230053.0,42,T,4
1676934054.2100766,0,82854,0,GNSS,42.338266006666665,71.08661753666667,33.161,0.59,671894.0535324839,4689443.221698396,230054.0,42,T,4
1676934055.1700015,0,82855,0,GNSS,42.338266008333335,71.08661748833333,33.158,0.59,671894.0495461107,4689443.221785756,230055.0,42,T,4
1676934056.2007895,0,82856,0,GNSS,42.338266005,71.08661754,33.161,0.59,671894.0538116356,4689443.221520065,230056.0,42,T,4
1676934057.1794147,0,82857,0,GNSS,42.33826597833333,71.08661752333333,33.159,0.59,671894.0525112511,4689443.218525239,230057.0,42,T,4
1676934058.1787574,0,82858,0,GNSS,42.338266006666665,71.08661746833333,33.167,0.59,671894.0479029964,4689443.221560254,230058.0,42,T,4
1676934059.1997774,0,82859,0,GNSS,42.33826601166667,71.08661750166667,33.151,0.59,671894.0506354627,4689443.222182853,230059.0,42,T,4
1676934060.1870859,0,82860,0,GNSS,42.33826599166667,71.08661753666667,33.16,0.59,671894.0535733567,4689443.220032761,230100.0,42,T,4
1676934061.1874914,0,82861,0,GNSS,42.338266006666665,71.086617505,33.158,0.59,671894.0509236995,4689443.221634379,230101.0,42,T,4
1676934062.1845691,0,82862,0,GNSS,42.338265985,71.08661751,33.156,0.59,671894.0513946504,4689443.21923857,230102.0,42,T,4
1676934063.341243,0,82863,0,GNSS,42.33826601333333,71.08661753666667,33.158,0.59,671894.0535143181,4689443.222438678,230103.0,42,T,4
1676934064.1788197,0,82864,0,GNSS,42.338265981666666,71.08661754333333,33.158,0.59,671894.0541498238,4689443.218935814,230104.0,42,T,4
1676934065.2225811,0,82865,0,GNSS,42.33826597666667,71.08661753166666,33.158,0.59,671894.0532023151,4689443.218357017,230105.0,42,T,4
1676934066.1891081,0,82866,0,GNSS,42.33826596666667,71.08661748166666,33.154,0.59,671894.0491104278,4689443.217145513,230106.0,42,T,4
1676934067.2033563,0,82867,0,GNSS,42.33826601,71.08661751,33.161,0.59,671894.0513265289,4689443.222014627,230107.0,42,T,4
1676934068.2320588,0,82868,0,GNSS,42.33826602833334,71.08661751666666,33.154,0.59,671894.0518257896,4689443.224063882,230108.0,42,T,4
1676934069.1825995,0,82869,0,GNSS,42.338265996666664,71.08661752333333,33.159,0.59,671894.0524612954,4689443.220561017,230109.0,42,T,4
1676934070.173983,0,82870,0,GNSS,42.33826601333333,71.08661752666667,33.159,0.59,671894.0526904914,4689443.222418461,230110.0,42,T,4
1676934071.392818,0,82871,0,GNSS,42.338265985,71.08661748666667,33.154,0.59,671894.0494723865,4689443.219191399,230111.0,42,T,4
1676934072.1889951,0,82872,0,GNSS,42.338266026666666,71.08661752166667,33.155,0.59,671894.0522422455,4689443.223888919,230112.0,42,T,4
1676934073.1701856,0,82873,0,GNSS,42.33826602166667,71.08661752666667,33.159,0.59,671894.0526677843,4689443.223343817,230113.0,42,T,4
1676934074.1694508,0,82874,0,GNSS,42.33826600166667,71.08661748333333,33.154,0.59,671894.0491523619,4689443.221035366,230114.0,42,T,4
1676934075.221067,0,82875,0,GNSS,42.33826603166667,71.08661749,33.156,0.59,671894.0496198348,4689443.224380116,230115.0,42,T,4
1676934076.2005334,0,82876,0,GNSS,42.338266015,71.086617435,33.162,0.59,671894.0451341986,4689443.222418222,230116.0,42,T,4
1676934077.1846678,0,82877,0,GNSS,42.338265998333334,71.08661748833333,33.154,0.59,671894.0495733592,4689443.220675332,230117.0,42,T,4
1676934078.2157776,0,82878,0,GNSS,42.338265985,71.08661747666666,33.154,0.59,671894.0486485597,4689443.219171183,230118.0,42,T,4
1676934079.1923115,0,82879,0,GNSS,42.338265996666664,71.086617455,33.156,0.59,671894.04683181,4689443.220422876,230119.0,42,T,4
1676934080.2101262,0,82880,0,GNSS,42.33826601333333,71.08661750333333,33.16,0.59,671894.0507682255,4689443.222371291,230120.0,42,T,4
1676934081.1924586,0,82881,0,GNSS,42.33826602833334,71.08661751,33.151,0.59,671894.0512765732,4689443.224050404,230121.0,42,T,4
