Time,header.seq,header.stamp.secs,header.stamp.nsecs,header.frame_id,Latitude,Longitude,HDOP,Altitude,UTM_easting,UTM_northing,Zone,Letter
1675438017.5728316,15,5751,0,GPS_Frame 1,42.33896166666667,-71.08807716666666,9.59,-5.7,327987.5950872792,4689523.421246335,19,T
1675438018.651267,16,5752,0,GPS_Frame 1,42.33896716666666,-71.08807516666667,9.58,-6.0,327987.77484831563,4689524.027933546,19,T
1675438019.7379744,17,5753,0,GPS_Frame 1,42.33896200000001,-71.08807916666666,9.57,-5.8,327987.4312325798,4689523.462306475,19,T
1675438020.8196445,18,5754,0,GPS_Frame 1,42.33895733333334,-71.08807983333332,9.56,-5.3,327987.36358627176,4689522.945457265,19,T
1675438021.9040527,19,5755,0,GPS_Frame 1,42.338944833333336,-71.0880875,9.55,-4.8,327986.69790709193,4689521.57293696,19,T
1675438022.9832623,20,5756,0,GPS_Frame 1,42.33894466666667,-71.08808683333334,9.55,-4.5,327986.7523738484,4689521.553081218,19,T
1675438024.0859954,21,5757,0,GPS_Frame 1,42.33893733333333,-71.08808533333332,9.54,-2.9,327986.8559499862,4689520.735735751,19,T
1675438025.1515067,22,5758,0,GPS_Frame 1,42.33892983333333,-71.08808583333332,9.53,-1.8,327986.79430796736,4689519.903929238,19,T
1675438026.2399886,23,5759,0,GPS_Frame 1,42.338925,-71.08808683333334,9.52,-1.0,327986.698746506,4689519.369247304,19,T
1675438027.3172674,24,5760,0,GPS_Frame 1,42.33892566666667,-71.08808716666667,9.51,-1.0,327986.67310376064,4689519.443949911,19,T
1675438028.404366,25,5761,0,GPS_Frame 1,42.33892933333333,-71.08808633333334,9.5,-1.7,327986.75175362977,4689519.849419543,19,T
1675438029.4867392,26,5762,0,GPS_Frame 1,42.33893066666666,-71.08808616666667,9.49,-1.6,327986.76911969006,4689519.99713891,19,T
1675438030.5740418,27,5763,0,GPS_Frame 1,42.338888,-71.08809333333333,2.4,5.9,327986.06237200013,4689515.273828025,19,T
1675438031.6626542,28,5764,0,GPS_Frame 1,42.338866666666675,-71.0880975,2.4,9.8,327985.6609417593,4689512.913352709,19,T
1675438032.7490456,29,5765,0,GPS_Frame 1,42.338856,-71.08810033333333,2.4,11.3,327985.39844009373,4689511.7346323235,19,T
1675438033.8251436,30,5766,0,GPS_Frame 1,42.33885083333333,-71.08810116666668,2.4,12.2,327985.31569984707,4689511.162599104,19,T
1675438034.915159,31,5767,0,GPS_Frame 1,42.33884466666667,-71.08810266666666,2.4,13.3,327985.1753114527,4689510.48087217,19,T
1675438035.9959233,32,5768,0,GPS_Frame 1,42.33884233333333,-71.08810233333334,2.4,14.0,327985.196409505,4689510.221098892,19,T
1675438037.0719917,33,5769,0,GPS_Frame 1,42.33884150000001,-71.08810166666667,2.4,14.3,327985.2490584649,4689510.127214875,19,T
1675438038.1634507,34,5770,0,GPS_Frame 1,42.33883816666666,-71.088103,2.4,14.9,327985.13012639555,4689509.7597709065,19,T
1675438039.250657,35,5771,0,GPS_Frame 1,42.33883583333333,-71.088104,2.4,15.2,327985.0413818114,4689509.502694996,19,T
1675438040.3391948,36,5772,0,GPS_Frame 1,42.33883316666667,-71.0881045,2.4,15.6,327984.9929192694,4689509.207593443,19,T
1675438041.4182513,37,5773,0,GPS_Frame 1,42.33883016666667,-71.08810466666667,2.4,15.8,327984.971008443,4689508.874803411,19,T
1675438042.4951706,38,5774,0,GPS_Frame 1,42.33882783333333,-71.08810566666666,2.4,16.2,327984.88226384006,4689508.617727505,19,T
1675438043.5850093,39,5775,0,GPS_Frame 1,42.33882633333333,-71.08810616666666,2.4,16.3,327984.8369825939,4689508.452175417,19,T
1675438044.665187,40,5776,0,GPS_Frame 1,42.338824833333334,-71.08810700000001,2.4,16.5,327984.76424067875,4689508.2872976735,19,T
1675438045.7517793,41,5777,0,GPS_Frame 1,42.338823500000004,-71.08810783333334,2.4,16.6,327984.6919532331,4689508.140926999,19,T
1675438046.8327835,42,5778,0,GPS_Frame 1,42.338821499999995,-71.08810866666666,2.4,16.6,327984.6178478956,4689507.920528056,19,T
1675438047.917035,43,5779,0,GPS_Frame 1,42.33881983333334,-71.0881095,2.4,16.6,327984.5446514999,4689507.737143249,19,T
1675438049.0106292,44,5780,0,GPS_Frame 1,42.33881816666667,-71.08811083333333,2.4,16.7,327984.4302640945,4689507.554769959,19,T
1675438050.083672,45,5781,0,GPS_Frame 1,42.33881616666666,-71.08811216666666,2.4,16.8,327984.31496774056,4689507.335382535,19,T
1675438051.1577215,46,5782,0,GPS_Frame 1,42.338814666666664,-71.08811349999999,2.4,17.1,327984.201034797,4689507.171516316,19,T
1675438052.2426736,47,5783,0,GPS_Frame 1,42.338814500000005,-71.08811416666667,2.4,17.1,327984.145658984,4689507.154357941,19,T
1675438053.3206012,48,5784,0,GPS_Frame 1,42.33881383333334,-71.08811516666667,2.41,17.2,327984.0614590746,4689507.082352712,19,T
1675438054.404043,49,5785,0,GPS_Frame 1,42.338814166666666,-71.08811566666667,2.41,17.3,327984.0211770182,4689507.120378363,19,T
1675438055.4885132,50,5786,0,GPS_Frame 1,42.338814,-71.0881165,2.41,17.4,327983.9520708694,4689507.103557161,19,T
1675438056.5760956,51,5787,0,GPS_Frame 1,42.338813333333334,-71.08811716666668,2.41,17.5,327983.89533162734,4689507.030877586,19,T
1675438057.6654375,52,5788,0,GPS_Frame 1,42.338812499999996,-71.08811783333334,2.41,17.6,327983.83813791367,4689506.939690946,19,T
1675438058.7398398,53,5789,0,GPS_Frame 1,42.33881233333333,-71.08811833333333,2.41,17.8,327983.7964924332,4689506.9221954,19,T
1675438059.8224297,54,5790,0,GPS_Frame 1,42.33881233333333,-71.08811866666666,2.41,18.0,327983.76903176255,4689506.922869747,19,T
1675438060.9126658,55,5791,0,GPS_Frame 1,42.338812000000004,-71.08811916666667,2.41,18.1,327983.7269318048,4689506.886867134,19,T
1675438061.9890182,56,5792,0,GPS_Frame 1,42.33881216666667,-71.08811933333332,2.41,18.1,327983.7136559465,4689506.905711374,19,T
1675438063.090124,57,5793,0,GPS_Frame 1,42.338812999999995,-71.08811933333332,2.41,18.3,327983.71592832153,4689506.998246707,19,T
1675438064.1687918,58,5794,0,GPS_Frame 1,42.33881233333333,-71.08812033333334,1.78,18.5,327983.6317284056,4689506.926241483,19,T
1675438065.244607,59,5795,0,GPS_Frame 1,42.33881066666666,-71.08812233333333,1.78,18.8,327983.46241962153,4689506.745216902,19,T
1675438066.3239117,60,5796,0,GPS_Frame 1,42.33880783333334,-71.08812483333332,1.78,19.1,327983.24873848975,4689506.435654383,19,T
1675438067.421229,61,5797,0,GPS_Frame 1,42.33880316666667,-71.08812866666668,1.78,19.6,327982.9202153918,4689505.925211535,19,T
1675438068.5044565,62,5798,0,GPS_Frame 1,42.33879866666666,-71.08813283333333,1.78,20.2,327982.5646860514,4689505.433950118,19,T
1675438069.587632,63,5799,0,GPS_Frame 1,42.33880033333333,-71.08813183333334,2.41,20.2,327982.6516128572,4689505.616997732,19,T
1675438070.6719081,64,5800,0,GPS_Frame 1,42.33880083333334,-71.0881325,1.78,20.4,327982.5980549389,4689505.673867635,19,T
1675438071.7554765,65,5801,0,GPS_Frame 1,42.33880066666667,-71.0881335,1.78,20.6,327982.51521843206,4689505.6573836235,19,T
1675438072.8349402,66,5802,0,GPS_Frame 1,42.33880033333333,-71.088135,1.78,20.6,327982.3907364328,4689505.6234040735,19,T
1675438073.9184678,67,5803,0,GPS_Frame 1,42.338798,-71.08813883333333,1.78,20.9,327982.06857594464,4689505.372060196,19,T
1675438075.0153692,68,5804,0,GPS_Frame 1,42.33879466666667,-71.08814349999999,1.78,21.2,327981.67503685993,4689505.011359823,19,T
1675438076.0932772,69,5805,0,GPS_Frame 1,42.33879100000001,-71.08814766666666,1.78,21.6,327981.32177979266,4689504.612633799,19,T
1675438077.166277,70,5806,0,GPS_Frame 1,42.33879233333334,-71.08814699999999,2.42,21.4,327981.3803369993,4689504.75934162,19,T
1675438078.2536912,71,5807,0,GPS_Frame 1,42.33879183333333,-71.08814816666667,1.78,21.6,327981.28286117414,4689504.706180667,19,T
1675438079.3377573,72,5808,0,GPS_Frame 1,42.33879083333333,-71.08814983333333,1.78,21.8,327981.14283088763,4689504.598510049,19,T
1675438080.4228632,73,5809,0,GPS_Frame 1,42.33878866666667,-71.08815116666666,1.78,21.9,327981.02707990084,4689504.360615612,19,T
1675438081.5022945,74,5810,0,GPS_Frame 1,42.33878583333333,-71.088154,1.78,22.2,327980.785937909,4689504.05172752,19,T
1675438082.5888398,75,5811,0,GPS_Frame 1,42.33878216666667,-71.08815766666666,1.78,22.6,327980.47387177043,4689503.651990001,19,T
1675438083.667846,76,5812,0,GPS_Frame 1,42.33877783333334,-71.088162,1.78,23.0,327980.1050662886,4689503.17957295,19,T
1675438084.7577538,77,5813,0,GPS_Frame 1,42.33877466666666,-71.08816583333333,1.78,23.2,327979.7806331855,4689502.835693839,19,T
1675438085.8341599,78,5814,0,GPS_Frame 1,42.338771333333334,-71.08816966666667,1.78,23.4,327979.4557455635,4689502.4733076785,19,T
1675438086.9210284,79,5815,0,GPS_Frame 1,42.338769333333325,-71.08817266666667,1.78,23.4,327979.20314552763,4689502.257292151,19,T
1675438088.00366,80,5816,0,GPS_Frame 1,42.338766166666666,-71.08817583333332,1.78,23.6,327978.93363372266,4689501.912064353,19,T
1675438089.0885813,81,5817,0,GPS_Frame 1,42.338763333333326,-71.08817866666666,1.78,23.7,327978.69249155704,4689501.6031763265,19,T
1675438090.1704235,82,5818,0,GPS_Frame 1,42.33876050000001,-71.08818166666667,1.78,23.9,327978.4376190242,4689501.2946254965,19,T
1675438091.254495,83,5819,0,GPS_Frame 1,42.338757666666666,-71.08818433333333,1.78,24.2,327978.2102071661,4689500.985400304,19,T
1675438092.3363347,84,5820,0,GPS_Frame 1,42.338756333333336,-71.08818666666666,1.78,24.3,327978.01434638695,4689500.842064349,19,T
1675438093.4214194,85,5821,0,GPS_Frame 1,42.33875433333333,-71.08818883333333,1.78,24.6,327977.83039798896,4689500.624362949,19,T
1675438094.5071528,86,5822,0,GPS_Frame 1,42.33875249999999,-71.08819033333333,1.78,24.8,327977.70182546554,4689500.423819878,19,T
1675438095.5885935,87,5823,0,GPS_Frame 1,42.338751,-71.08819166666667,1.78,24.9,327977.58789226436,4689500.2599537615,19,T
1675438096.674262,88,5824,0,GPS_Frame 1,42.33874949999999,-71.088193,1.78,25.0,327977.47395905596,4689500.096087644,19,T
1675438097.754908,89,5825,0,GPS_Frame 1,42.33874983333333,-71.08819616666666,1.78,24.5,327977.21399140253,4689500.139508304,19,T
1675438098.83822,90,5826,0,GPS_Frame 1,42.33874983333333,-71.08819883333334,1.78,24.1,327976.9943058151,4689500.144903283,19,T
1675438099.9213848,91,5827,0,GPS_Frame 1,42.33874833333333,-71.08820016666667,1.78,23.9,327976.8803725927,4689499.981037176,19,T
1675438101.0048034,92,5828,0,GPS_Frame 1,42.33874716666666,-71.08820216666666,1.78,23.7,327976.7124269517,4689499.85553395,19,T
1675438102.088411,93,5829,0,GPS_Frame 1,42.33874716666666,-71.0882045,1.78,23.4,327976.5202020518,4689499.86025457,19,T
1675438103.1701581,94,5830,0,GPS_Frame 1,42.33874683333333,-71.08820816666666,1.78,22.7,327976.2172253679,4689499.8306585625,19,T
1675438104.2603214,95,5831,0,GPS_Frame 1,42.33874716666666,-71.08821283333333,1.78,21.8,327975.8336845597,4689499.877113968,19,T
1675438105.3389573,96,5832,0,GPS_Frame 1,42.338747,-71.08821666666667,1.78,21.0,327975.51743201795,4689499.866362248,19,T
1675438106.421962,97,5833,0,GPS_Frame 1,42.33874666666667,-71.08822,1.78,20.5,327975.2419160271,4689499.836091907,19,T
1675438107.5059793,98,5834,0,GPS_Frame 1,42.33874516666666,-71.08822183333334,1.78,20.3,327975.0867917057,4689499.673237393,19,T
1675438108.5902348,99,5835,0,GPS_Frame 1,42.33874366666667,-71.08822366666666,1.78,20.1,327974.93166737934,4689499.510382888,19,T
1675438109.6805072,100,5836,0,GPS_Frame 1,42.33874283333333,-71.08822566666666,1.78,20.1,327974.7646306855,4689499.42189384,19,T
1675438110.7619534,101,5837,0,GPS_Frame 1,42.33874283333333,-71.08822733333334,1.78,20.2,327974.6273271762,4689499.425265748,19,T
1675438111.8394432,102,5838,0,GPS_Frame 1,42.338742,-71.08823033333333,1.78,20.2,327974.37790837,4689499.3387998585,19,T
1675438112.924411,103,5839,0,GPS_Frame 1,42.33874083333333,-71.088233,1.78,20.2,327974.15504125855,4689499.214645458,19,T
1675438114.0077224,104,5840,0,GPS_Frame 1,42.33874016666667,-71.08823533333333,1.78,20.3,327973.96099834243,4689499.14533788,19,T
1675438115.0887184,105,5841,0,GPS_Frame 1,42.338738,-71.08823783333334,1.78,20.4,327973.74913456937,4689498.909803902,19,T
1675438116.1743193,106,5842,0,GPS_Frame 1,42.338735,-71.08823983333333,1.78,20.6,327973.57618933765,4689498.580723014,19,T
1675438117.2562459,107,5843,0,GPS_Frame 1,42.338732666666665,-71.08824166666666,1.78,20.9,327973.4187924454,4689498.325333205,19,T
1675438118.337323,108,5844,0,GPS_Frame 1,42.33873083333333,-71.08824283333334,1.78,21.1,327973.3176804588,4689498.124115827,19,T
1675438119.4266827,109,5845,0,GPS_Frame 1,42.338728499999995,-71.08824416666667,1.78,21.3,327973.201474613,4689497.867714441,19,T
1675438120.5058794,110,5846,0,GPS_Frame 1,42.338725833333335,-71.0882455,1.78,21.7,327973.0843597516,4689497.574298926,19,T
1675438121.5895522,111,5847,0,GPS_Frame 1,42.338724,-71.0882465,1.78,22.1,327972.9969781048,4689497.372744357,19,T
1675438122.6699815,112,5848,0,GPS_Frame 1,42.33872183333333,-71.08824733333333,1.78,22.4,327972.92241780215,4689497.13383846,19,T
1675438123.7548788,113,5849,0,GPS_Frame 1,42.338718333333325,-71.08824883333334,1.78,22.7,327972.7893000534,4689496.74822481,19,T
1675438124.8392785,114,5850,0,GPS_Frame 1,42.338715666666666,-71.08825,1.78,23.0,327972.68591551593,4689496.454472106,19,T
1675438125.9248784,115,5851,0,GPS_Frame 1,42.33871316666667,-71.088251,1.78,23.2,327972.5967158348,4689496.178889276,19,T
1675438127.005504,116,5852,0,GPS_Frame 1,42.338710999999996,-71.08825183333333,1.78,23.5,327972.52215551084,4689495.939983382,19,T
1675438128.0902872,117,5853,0,GPS_Frame 1,42.33870916666667,-71.08825283333334,1.78,23.8,327972.4347738266,4689495.738428821,19,T
1675438129.1695724,118,5854,0,GPS_Frame 1,42.33870766666667,-71.08825333333333,1.78,24.2,327972.38949222345,4689495.572876807,19,T
1675438130.266088,119,5855,0,GPS_Frame 1,42.33870633333333,-71.08825350000001,1.78,24.5,327972.37212583877,4689495.425157469,19,T
1675438131.3381054,120,5856,0,GPS_Frame 1,42.33870516666666,-71.08825333333333,1.78,24.7,327972.3826746744,4689495.295270805,19,T
1675438132.4258864,121,5857,0,GPS_Frame 1,42.33870366666667,-71.08825350000001,1.78,25.0,327972.364853786,4689495.129044403,19,T
1675438133.5049167,122,5858,0,GPS_Frame 1,42.33870166666667,-71.08825366666666,1.78,25.1,327972.34566938714,4689494.9072968,19,T
1675438134.5892887,123,5859,0,GPS_Frame 1,42.33870033333333,-71.08825383333333,1.78,25.3,327972.328303001,4689494.759577462,19,T
1675438135.6715617,124,5860,0,GPS_Frame 1,42.33869849999999,-71.08825416666667,1.78,25.5,327972.29584274197,4689494.556674119,19,T
1675438136.756068,125,5861,0,GPS_Frame 1,42.338697,-71.088254,1.78,25.5,327972.30548257206,4689494.389773326,19,T
1675438137.8354416,126,5862,0,GPS_Frame 1,42.33869549999999,-71.08825333333333,1.78,25.6,327972.3563134875,4689494.221860946,19,T
1675438138.9198751,127,5863,0,GPS_Frame 1,42.3386945,-71.0882525,1.78,25.7,327972.42223827593,4689494.109132572,19,T
1675438140.0076315,128,5864,0,GPS_Frame 1,42.338693,-71.08825183333333,1.78,25.8,327972.4730691967,4689493.941220192,19,T
1675438141.0895438,129,5865,0,GPS_Frame 1,42.33869283333333,-71.0882505,1.78,25.8,327972.5824575853,4689493.920015567,19,T
1675438142.1728399,130,5866,0,GPS_Frame 1,42.338694000000004,-71.08824849999999,1.78,25.9,327972.75040344126,4689494.045518699,19,T
1675438143.25561,131,5867,0,GPS_Frame 1,42.33869383333334,-71.088247,1.78,25.9,327972.8735221942,4689494.023976884,19,T
1675438144.3398435,132,5868,0,GPS_Frame 1,42.3386935,-71.088246,1.78,26.0,327972.95499535825,4689493.984939586,19,T
1675438145.424495,133,5869,0,GPS_Frame 1,42.33869416666666,-71.08824466666667,1.78,26.2,327973.06665625557,4689494.056270303,19,T
1675438146.506367,134,5870,0,GPS_Frame 1,42.33869416666666,-71.0882435,1.78,26.4,327973.16276878555,4689494.053909948,19,T
1675438147.589032,135,5871,0,GPS_Frame 1,42.33869500000001,-71.08824200000001,1.78,26.8,327973.2886145413,4689494.143410539,19,T
1675438148.6683228,136,5872,0,GPS_Frame 1,42.3386975,-71.08823933333333,1.78,27.2,327973.51511782466,4689494.415621449,19,T
1675438149.7569685,137,5873,0,GPS_Frame 1,42.33870116666667,-71.08823633333333,1.78,27.6,327973.7722633051,4689494.816707446,19,T
1675438150.8394008,138,5874,0,GPS_Frame 1,42.338704166666666,-71.088233,1.78,27.9,327974.0550514818,4689495.1430908,19,T
1675438151.9202113,139,5875,0,GPS_Frame 1,42.3387085,-71.0882285,1.78,28.1,327974.43758812593,4689495.6151703615,19,T
1675438153.0054011,140,5876,0,GPS_Frame 1,42.33871033333333,-71.08822633333332,1.78,28.2,327974.6210822556,4689495.814364612,19,T
1675438154.0913084,141,5877,0,GPS_Frame 1,42.33871166666666,-71.08822416666666,1.78,28.2,327974.80321288196,4689495.958037666,19,T
1675438155.172885,142,5878,0,GPS_Frame 1,42.338712666666666,-71.0882225,1.78,28.3,327974.9432434387,4689496.065708163,19,T
1675438156.2540972,143,5879,0,GPS_Frame 1,42.338713999999996,-71.08822116666667,1.78,28.5,327975.0567222681,4689496.211067175,19,T
1675438157.339913,144,5880,0,GPS_Frame 1,42.338715500000006,-71.08822,1.78,28.8,327975.1569252325,4689496.375270446,19,T
1675438158.42613,145,5881,0,GPS_Frame 1,42.338718,-71.08821866666668,1.78,29.3,327975.27358552336,4689496.650178928,19,T
1675438159.5069242,146,5882,0,GPS_Frame 1,42.338719833333336,-71.0882175,1.78,29.8,327975.37469746824,4689496.851396333,19,T
1675438160.5874913,147,5883,0,GPS_Frame 1,42.338721166666666,-71.08821716666667,1.78,30.4,327975.4057941433,4689496.998778486,19,T
1675438161.682265,148,5884,0,GPS_Frame 1,42.33872266666667,-71.0882165,1.78,30.8,327975.4648060248,4689497.16399333,19,T
1675438162.7558622,149,5885,0,GPS_Frame 1,42.33872316666666,-71.08821616666667,1.78,31.4,327975.49363022053,4689497.218840151,19,T
1675438163.8398347,150,5886,0,GPS_Frame 1,42.33872366666666,-71.0882165,1.78,31.9,327975.4675329972,4689497.275035728,19,T
1675438164.9226396,151,5887,0,GPS_Frame 1,42.3387235,-71.08821683333333,1.78,32.3,327975.4396177903,4689497.257203042,19,T
1675438166.005261,152,5888,0,GPS_Frame 1,42.33872316666666,-71.08821683333333,1.78,32.6,327975.4387087993,4689497.220188907,19,T
1675438167.0943568,153,5889,0,GPS_Frame 1,42.338722999999995,-71.088217,1.78,32.9,327975.42452394904,4689497.202019029,19,T
1675438168.178771,154,5890,0,GPS_Frame 1,42.33872266666667,-71.088217,1.78,33.0,327975.42361495807,4689497.165004897,19,T
1675438169.2579758,155,5891,0,GPS_Frame 1,42.338721666666665,-71.08821716666667,1.78,33.1,327975.40715762996,4689497.054299688,19,T
1675438170.3394911,156,5892,0,GPS_Frame 1,42.338721,-71.08821716666667,1.78,33.4,327975.4053396478,4689496.9802714195,19,T
1675438171.4302387,157,5893,0,GPS_Frame 1,42.3387205,-71.088217,1.78,33.5,327975.4177065167,4689496.924413033,19,T
1675438172.5061967,158,5894,0,GPS_Frame 1,42.33871883333333,-71.08821766666667,1.78,33.7,327975.358240139,4689496.740691122,19,T
1675438173.5944548,159,5895,0,GPS_Frame 1,42.33871766666666,-71.08821800000001,1.78,33.8,327975.3275979578,4689496.611816035,19,T
1675438174.6721518,160,5896,0,GPS_Frame 1,42.3387165,-71.08821866666668,1.78,33.8,327975.269495061,4689496.483615327,19,T
1675438175.754062,161,5897,0,GPS_Frame 1,42.33871416666666,-71.08821933333334,1.78,33.7,327975.20821069076,4689496.225865152,19,T
1675438176.8383124,162,5898,0,GPS_Frame 1,42.33871283333333,-71.08822,1.78,33.6,327975.1496532952,4689496.079157379,19,T
1675438177.927683,163,5899,0,GPS_Frame 1,42.338710999999996,-71.088221,1.78,33.5,327975.0622716918,4689495.877602785,19,T
1675438179.005281,164,5900,0,GPS_Frame 1,42.33870983333333,-71.08822149999999,1.78,33.5,327975.01789914485,4689495.74906489,19,T
1675438180.0820944,165,5901,0,GPS_Frame 1,42.33870933333333,-71.088222,1.78,33.4,327974.97534458025,4689495.694555261,19,T
1675438181.1715229,166,5902,0,GPS_Frame 1,42.33870883333334,-71.08822233333333,1.78,33.4,327974.9465203751,4689495.639708442,19,T
1675438182.2634146,167,5903,0,GPS_Frame 1,42.338708,-71.08822233333333,1.78,33.3,327974.94424789236,4689495.547173109,19,T
1675438183.3411236,168,5904,0,GPS_Frame 1,42.33871066666667,-71.088222,1.78,34.2,327974.97898055206,4689495.842611793,19,T
1675438184.4349666,169,5905,0,GPS_Frame 1,42.33871016666667,-71.08822,1.78,34.0,327975.1423813583,4689495.783044315,19,T
1675438185.5042002,170,5906,0,GPS_Frame 1,42.33870983333333,-71.08821933333334,1.78,34.1,327975.19639379694,4689495.744681421,19,T
1675438186.5934963,171,5907,0,GPS_Frame 1,42.33870950000001,-71.08821966666666,1.78,34.2,327975.16802408965,4689495.708341669,19,T
1675438187.675482,172,5908,0,GPS_Frame 1,42.338710000000006,-71.08821933333334,1.78,34.4,327975.19684829284,4689495.763188491,19,T
1675438188.7559369,173,5909,0,GPS_Frame 1,42.33871066666667,-71.08821916666668,1.78,34.4,327975.2123966339,4689495.836879566,19,T
1675438189.8403203,174,5910,0,GPS_Frame 1,42.33871066666667,-71.08821966666666,1.78,34.7,327975.1712055615,4689495.837891134,19,T
1675438190.930918,175,5911,0,GPS_Frame 1,42.33871033333333,-71.08821966666666,1.78,34.8,327975.1702965695,4689495.800877002,19,T
1675438192.0051482,176,5912,0,GPS_Frame 1,42.338710000000006,-71.08821983333334,1.78,35.0,327975.15565721993,4689495.764200059,19,T
1675438193.1027668,177,5913,0,GPS_Frame 1,42.338709,-71.08821983333334,1.78,35.0,327975.1529302439,4689495.653157659,19,T
1675438194.1757402,178,5914,0,GPS_Frame 1,42.33870783333334,-71.08821966666666,1.78,35.0,327975.1634791301,4689495.523271004,19,T
1675438195.25797,179,5915,0,GPS_Frame 1,42.33870616666666,-71.08822,1.78,35.1,327975.1314734536,4689495.338874716,19,T
1675438196.3426776,180,5916,0,GPS_Frame 1,42.33870783333334,-71.08822083333332,1.78,34.6,327975.0673666232,4689495.525631332,19,T
1675438197.4239395,181,5917,0,GPS_Frame 1,42.33870749999999,-71.08822133333334,1.78,34.6,327975.025266554,4689495.489628768,19,T
1675438198.50903,182,5918,0,GPS_Frame 1,42.33870616666666,-71.08822116666667,1.78,34.6,327975.03536094207,4689495.341235045,19,T
1675438199.5924768,183,5919,0,GPS_Frame 1,42.338706,-71.088221,1.78,34.7,327975.04863680433,4689495.322390789,19,T
1675438200.6813867,184,5920,0,GPS_Frame 1,42.338705499999996,-71.088221,1.78,35.1,327975.04727331566,4689495.26686959,19,T
1675438201.7684376,185,5921,0,GPS_Frame 1,42.33870716666667,-71.08822116666667,1.78,36.0,327975.0380879197,4689495.452277445,19,T
1675438202.841394,186,5922,0,GPS_Frame 1,42.33870833333334,-71.088221,1.78,36.8,327975.0549997516,4689495.581489721,19,T
1675438203.9220884,187,5923,0,GPS_Frame 1,42.33870916666667,-71.08822116666667,1.78,37.4,327975.0435418751,4689495.674362244,19,T
1675438205.0092413,188,5924,0,GPS_Frame 1,42.33870916666667,-71.08822183333334,1.78,37.7,327974.98862044164,4689495.675711005,19,T
1675438206.095158,189,5925,0,GPS_Frame 1,42.33870916666667,-71.08822183333334,1.78,38.1,327974.98862044164,4689495.675711005,19,T
1675438207.1732492,190,5926,0,GPS_Frame 1,42.3387085,-71.08822266666667,1.78,38.7,327974.918150666,4689495.603368688,19,T
1675438208.2594914,191,5927,0,GPS_Frame 1,42.33870866666666,-71.08822333333333,1.78,39.1,327974.86368373083,4689495.6232245155,19,T
1675438209.353792,192,5928,0,GPS_Frame 1,42.338708166666656,-71.08822400000001,1.78,39.5,327974.8073988041,4689495.569052077,19,T
1675438210.4256325,193,5929,0,GPS_Frame 1,42.33870749999999,-71.08822483333333,1.78,39.7,327974.7369290255,4689495.496709762,19,T
1675438211.5183814,194,5930,0,GPS_Frame 1,42.338708,-71.088226,1.78,40.1,327974.64218000794,4689495.554591298,19,T
1675438212.5918198,195,5931,0,GPS_Frame 1,42.33870866666666,-71.08822683333332,1.78,40.0,327974.57534620544,4689495.6303055165,19,T
1675438213.6758726,196,5932,0,GPS_Frame 1,42.3387085,-71.08822766666667,1.78,40.0,327974.50623991794,4689495.613484407,19,T
1675438214.7585535,197,5933,0,GPS_Frame 1,42.33871016666667,-71.08822766666667,1.78,39.7,327974.51078489504,4689495.798555073,19,T
1675438215.8408558,198,5934,0,GPS_Frame 1,42.33871033333333,-71.08822816666667,1.78,39.6,327974.4700483179,4689495.818073712,19,T
1675438216.9263508,199,5935,0,GPS_Frame 1,42.33870950000001,-71.08822883333333,1.78,39.6,327974.4128543956,4689495.726887143,19,T
1675438218.0072916,200,5936,0,GPS_Frame 1,42.33871083333334,-71.08822966666666,1.78,39.2,327974.34783859196,4689495.876629632,19,T
1675438219.0940304,201,5937,0,GPS_Frame 1,42.338712666666666,-71.08823016666666,1.78,38.9,327974.3116470005,4689496.081218939,19,T
1675438220.174071,202,5938,0,GPS_Frame 1,42.3387135,-71.08823133333334,1.78,38.7,327974.21780698944,4689496.176114611,19,T
1675438221.2590325,203,5939,0,GPS_Frame 1,42.338715666666666,-71.0882325,1.78,38.2,327974.1276029756,4689496.419066819,19,T
1675438222.3416665,204,5940,0,GPS_Frame 1,42.338718,-71.08823349999999,1.78,37.9,327974.05158382154,4689496.680188904,19,T
1675438223.4218385,205,5941,0,GPS_Frame 1,42.33872083333334,-71.08823533333333,1.78,37.2,327973.9082763931,4689496.998518149,19,T
1675438224.506234,206,5942,0,GPS_Frame 1,42.33872316666666,-71.08823666666667,1.78,36.5,327973.8047965454,4689497.26031462,19,T
1675438225.6010852,207,5943,0,GPS_Frame 1,42.338724166666665,-71.08823733333334,1.78,36.5,327973.7526021238,4689497.372705791,19,T
1675438226.6738105,208,5944,0,GPS_Frame 1,42.3387265,-71.08823766666666,1.78,36.0,327973.731504417,4689497.632479109,19,T
1675438227.7593133,209,5945,0,GPS_Frame 1,42.338735,-71.08823983333333,1.78,34.7,327973.57618933765,4689498.580723014,19,T
1675438228.8415504,210,5946,0,GPS_Frame 1,42.33874300000001,-71.088241,1.78,33.4,327973.5018929099,4689499.471422568,19,T
1675438229.9246316,211,5947,0,GPS_Frame 1,42.3387485,-71.08824299999999,1.78,32.6,327973.352127247,4689500.086202088,19,T
1675438231.0079112,212,5948,0,GPS_Frame 1,42.33875200000001,-71.08824433333332,1.78,32.3,327973.25182898634,4689500.4775480395,19,T
1675438232.0978825,213,5949,0,GPS_Frame 1,42.33875433333333,-71.08824483333333,1.78,32.2,327973.2170009642,4689500.737658553,19,T
1675438233.1799386,214,5950,0,GPS_Frame 1,42.338755000000006,-71.08824583333333,1.78,32.2,327973.13643688237,4689500.813709985,19,T
1675438234.257542,215,5951,0,GPS_Frame 1,42.33875533333333,-71.08824616666668,1.78,32.2,327973.10988519085,4689500.851398504,19,T
1675438235.3421,216,5952,0,GPS_Frame 1,42.338755000000006,-71.0882465,1.78,32.3,327973.0815154909,4689500.815058761,19,T
1675438236.4308867,217,5953,0,GPS_Frame 1,42.338755000000006,-71.08824616666668,1.78,32.5,327973.1089761866,4689500.814384373,19,T
1675438237.5062249,218,5954,0,GPS_Frame 1,42.338755000000006,-71.08824583333333,1.78,32.7,327973.13643688237,4689500.813709985,19,T
1675438238.5963962,219,5955,0,GPS_Frame 1,42.3387555,-71.08824616666668,1.78,32.9,327973.110339693,4689500.869905572,19,T
1675438239.6805782,220,5956,0,GPS_Frame 1,42.338755000000006,-71.0882465,1.78,33.1,327973.0815154909,4689500.815058761,19,T
1675438240.7631795,221,5957,0,GPS_Frame 1,42.33875516666667,-71.08824633333333,1.78,33.2,327973.0957003409,4689500.833228633,19,T
1675438241.8434134,222,5958,0,GPS_Frame 1,42.338755000000006,-71.0882465,1.78,33.4,327973.0815154909,4689500.815058761,19,T
1675438242.9302,223,5959,0,GPS_Frame 1,42.33875616666666,-71.08824666666666,1.78,33.6,327973.07096665876,4689500.94494542,19,T
1675438244.0104868,224,5960,0,GPS_Frame 1,42.338756,-71.08824666666666,1.78,33.8,327973.07051215647,4689500.926438354,19,T
1675438245.0964046,225,5961,0,GPS_Frame 1,42.3387555,-71.08824683333334,1.78,34.0,327973.05541829986,4689500.871254348,19,T
1675438246.1772017,226,5962,0,GPS_Frame 1,42.338755000000006,-71.08824633333333,1.78,34.3,327973.09524583875,4689500.814721567,19,T
1675438247.2558541,227,5963,0,GPS_Frame 1,42.33875283333334,-71.08824733333333,1.78,34.7,327973.0069552184,4689500.576152864,19,T
1675438248.343995,228,5964,0,GPS_Frame 1,42.33875283333334,-71.08824733333333,1.78,35.1,327973.0069552184,4689500.576152864,19,T
1675438249.4299502,229,5965,0,GPS_Frame 1,42.33875249999999,-71.088247,1.78,35.4,327973.0335069125,4689500.5384643385,19,T
1675438250.52232,230,5966,0,GPS_Frame 1,42.33875150000001,-71.08824666666666,1.78,35.6,327973.0582405961,4689500.426747553,19,T
1675438251.6025455,231,5967,0,GPS_Frame 1,42.338751,-71.0882465,1.78,35.7,327973.0706074382,4689500.370889159,19,T
1675438252.6869614,232,5968,0,GPS_Frame 1,42.33875033333334,-71.08824633333333,1.78,35.8,327973.0825197784,4689500.296523699,19,T
1675438253.7599742,233,5969,0,GPS_Frame 1,42.33875,-71.08824566666667,1.78,35.9,327973.13653217,4689500.258160789,19,T
1675438254.853416,234,5970,0,GPS_Frame 1,42.33874883333333,-71.08824533333333,1.78,35.9,327973.1608113545,4689500.127936932,19,T
1675438255.9302766,235,5971,0,GPS_Frame 1,42.33874816666666,-71.088245,1.78,35.9,327973.18645404774,4689500.053234277,19,T
1675438257.0229545,236,5972,0,GPS_Frame 1,42.33874733333334,-71.08824483333333,1.78,35.8,327973.1979118882,4689499.960361753,19,T
1675438258.0948014,237,5973,0,GPS_Frame 1,42.33874633333333,-71.08824433333332,1.78,35.8,327973.23637592886,4689499.84830777,19,T
1675438259.178652,238,5974,0,GPS_Frame 1,42.33874566666667,-71.08824433333332,1.78,35.7,327973.2345579223,4689499.774279503,19,T
1675438260.2612476,239,5975,0,GPS_Frame 1,42.33874483333334,-71.08824383333334,1.78,35.8,327973.2734764642,4689499.680732589,19,T
1675438261.343606,240,5976,0,GPS_Frame 1,42.3387445,-71.08824333333334,1.78,35.9,327973.3137585117,4689499.642706873,19,T
1675438262.4301424,241,5977,0,GPS_Frame 1,42.33874416666666,-71.08824333333334,1.78,35.9,327973.31284950883,4689499.6056927405,19,T
1675438263.5084932,242,5978,0,GPS_Frame 1,42.338744,-71.08824366666666,1.78,36.0,327973.28493430687,4689499.587860062,19,T
1675438264.6012366,243,5979,0,GPS_Frame 1,42.338744,-71.08824383333334,1.78,36.1,327973.27120395657,4689499.5881972555,19,T
1675438265.677017,244,5980,0,GPS_Frame 1,42.33874383333333,-71.088244,1.78,35.9,327973.2570191047,4689499.570027382,19,T
1675438266.760807,245,5981,0,GPS_Frame 1,42.3387445,-71.08824416666667,1.78,35.8,327973.2451067609,4689499.6443928415,19,T
1675438267.8445668,246,5982,0,GPS_Frame 1,42.33874483333334,-71.08824416666667,1.78,35.7,327973.2460157641,4689499.681406976,19,T
1675438268.9293869,247,5983,0,GPS_Frame 1,42.33874616666667,-71.0882445,1.78,35.7,327973.2221910774,4689499.830137897,19,T
1675438270.0125759,248,5984,0,GPS_Frame 1,42.33874716666666,-71.088245,1.78,35.6,327973.1837270368,4689499.942191878,19,T
1675438271.102723,249,5985,0,GPS_Frame 1,42.33874766666666,-71.08824466666667,1.78,35.6,327973.2125512412,4689499.997038691,19,T
1675438272.1739957,250,5986,0,GPS_Frame 1,42.338747833333336,-71.0882445,1.78,35.6,327973.2267360945,4689500.015208564,19,T
1675438273.259523,251,5987,0,GPS_Frame 1,42.33874816666666,-71.0882445,1.78,35.6,327973.2276450979,4689500.052222695,19,T
1675438274.340861,252,5988,0,GPS_Frame 1,42.33874883333333,-71.08824366666666,1.78,35.6,327973.2981148509,4689500.124564995,19,T
1675438275.4421017,253,5989,0,GPS_Frame 1,42.33874866666667,-71.0882435,1.78,35.6,327973.3113906986,4689500.105720736,19,T
1675438276.5208583,254,5990,0,GPS_Frame 1,42.3387485,-71.08824316666667,1.78,35.8,327973.3383968957,4689500.0865392815,19,T
1675438277.5942864,255,5991,0,GPS_Frame 1,42.33874883333333,-71.08824233333333,1.78,35.8,327973.40795764874,4689500.121867446,19,T
1675438278.6811528,256,5992,0,GPS_Frame 1,42.33874933333333,-71.08824249999999,1.78,35.9,327973.39559080347,4689500.17772584,19,T
1675438279.762196,257,5993,0,GPS_Frame 1,42.33874883333333,-71.08824233333333,1.78,35.8,327973.40795764874,4689500.121867446,19,T
1675438280.8431625,258,5994,0,GPS_Frame 1,42.33874883333333,-71.08824183333333,1.78,35.8,327973.4491486964,4689500.120855867,19,T
1675438281.9316506,259,5995,0,GPS_Frame 1,42.33874866666667,-71.08824183333333,1.78,35.8,327973.4486941953,4689500.102348802,19,T
1675438283.0135853,260,5996,0,GPS_Frame 1,42.33874816666666,-71.08824183333333,1.78,35.8,327973.44733069185,4689500.0468275985,19,T
1675438284.0988073,261,5997,0,GPS_Frame 1,42.33874716666666,-71.08824283333334,1.78,35.9,327973.36222158343,4689499.93780836,19,T
1675438285.1767907,262,5998,0,GPS_Frame 1,42.338745,-71.0882435,1.78,35.8,327973.30139166594,4689499.698565269,19,T
1675438286.260586,263,5999,0,GPS_Frame 1,42.3387445,-71.0882445,1.78,35.9,327973.2176460605,4689499.645067229,19,T
1675438287.3443437,264,6000,0,GPS_Frame 1,42.33874383333333,-71.0882455,1.78,36.0,327973.1334459478,4689499.5730621265,19,T
1675438288.4393568,265,6001,0,GPS_Frame 1,42.338742,-71.088247,1.78,36.0,327973.00487327075,4689499.37251914,19,T
1675438289.520958,266,6002,0,GPS_Frame 1,42.338740333333334,-71.08824800000001,1.78,35.8,327972.91794613807,4689499.189471638,19,T
1675438290.598692,267,6003,0,GPS_Frame 1,42.3387395,-71.08824833333333,1.78,35.7,327972.88821292354,4689499.097610693,19,T
1675438291.688296,268,6004,0,GPS_Frame 1,42.33873966666667,-71.08824966666666,1.78,35.7,327972.77882461634,4689499.118815316,19,T
1675438292.7598915,269,6005,0,GPS_Frame 1,42.3387395,-71.088251,1.78,35.7,327972.6685272993,4689499.103005807,19,T
1675438293.8449574,270,6006,0,GPS_Frame 1,42.33873916666666,-71.088252,1.78,35.6,327972.58523618313,4689499.0680148415,19,T
1675438294.9376667,271,6007,0,GPS_Frame 1,42.33873933333333,-71.08825266666666,1.78,35.6,327972.5307692791,4689499.087870688,19,T
1675438296.0124445,272,6008,0,GPS_Frame 1,42.33873983333333,-71.08825366666666,1.78,35.7,327972.4497506823,4689499.145415058,19,T
1675438297.0968502,273,6009,0,GPS_Frame 1,42.33873966666667,-71.08825416666667,1.78,35.8,327972.4081051229,4689499.12791958,19,T
1675438298.177087,274,6010,0,GPS_Frame 1,42.33873966666667,-71.08825499999999,1.78,35.8,327972.3394533668,4689499.129605557,19,T
1675438299.2644408,275,6011,0,GPS_Frame 1,42.33873966666667,-71.08825566666665,1.78,35.8,327972.2845319598,4689499.130954338,19,T
1675438300.3484926,276,6012,0,GPS_Frame 1,42.33873933333333,-71.08825583333333,1.78,35.9,327972.26989260036,4689499.0942774,19,T
1675438301.441727,277,6013,0,GPS_Frame 1,42.33873933333333,-71.08825666666667,1.78,36.0,327972.20124084176,4689499.095963378,19,T
1675438302.5138626,278,6014,0,GPS_Frame 1,42.3387385,-71.08825683333333,1.78,36.0,327972.1852379689,4689499.00376524,19,T
1675438303.6063316,279,6015,0,GPS_Frame 1,42.33873933333333,-71.08825733333333,1.78,36.0,327972.1463194345,4689499.097312161,19,T
1675438304.686139,280,6016,0,GPS_Frame 1,42.3387415,-71.08825933333333,1.78,35.8,327971.9874637803,4689499.341950381,19,T
1675438305.764554,281,6017,0,GPS_Frame 1,42.33874266666667,-71.08826066666667,1.78,35.7,327971.88080250786,4689499.474197419,19,T
1675438306.8444164,282,6018,0,GPS_Frame 1,42.33874266666667,-71.088261,1.78,35.7,327971.85334180674,4689499.474871812,19,T
1675438307.9413567,283,6019,0,GPS_Frame 1,42.33874349999999,-71.0882625,1.78,35.8,327971.73204117536,4689499.570441911,19,T
1675438309.024179,284,6020,0,GPS_Frame 1,42.33874433333334,-71.08826300000001,1.78,36.2,327971.6931226527,4689499.663988836,19,T
1675438310.093084,285,6021,0,GPS_Frame 1,42.3387475,-71.08826266666667,1.78,36.9,327971.7292189605,4689500.014948711,19,T
1675438311.1829119,286,6022,0,GPS_Frame 1,42.33875083333334,-71.0882625,1.78,37.8,327971.75203942304,4689500.384752849,19,T
1675438312.2637699,287,6023,0,GPS_Frame 1,42.33875566666667,-71.08826316666666,1.78,38.4,327971.7102986968,4689500.922806571,19,T
1675438313.3494656,288,6024,0,GPS_Frame 1,42.3387585,-71.08826416666668,1.78,38.8,327971.63564320945,4689501.239449887,19,T
1675438314.431157,289,6025,0,GPS_Frame 1,42.33876083333333,-71.08826516666666,1.78,38.9,327971.5596242151,4689501.500572003,19,T
1675438315.5145535,290,6026,0,GPS_Frame 1,42.338763166666666,-71.08826649999999,1.78,39.1,327971.456144533,4689501.762368517,19,T
1675438316.6044533,291,6027,0,GPS_Frame 1,42.338764833333336,-71.08826766666667,1.78,39.2,327971.36457717716,4689501.9497995665,19,T
